Р;3000120;нет;Россия.;Рукописная.Праздники. 2 половина 19 века.;19;нет;400;
Р;3000121;нет;Россия.;Рукописная.Праздники. 2 половина 19 века.;19;без деффектов;13400;
Р;3000126;нет;Россия.;Рукописная.Праздники. 2 половина 19 века.;19;дефекты;22000;
Р;3000135;нет;Россия.;Рукописная.Праздники. 2 половина 19 века.;19;механизм надо чистить;52800;
Р;3000136;нет;Россия.;Рукописная.Праздники. 2 половина 19 века.;19;без дефектов;2000;
Р;3000142;нет;Россия.;Рукописная.Праздники. 2 половина 19 века.;19;комплектность не полная;20000;
Р;3000144;нет;Россия.;Рукописная.Праздники. 2 половина 19 века.;19;Супница без крышки, потертости.;10600;
Р;3000156;нет;Россия.;Рукописная.Праздники. 2 половина 19 века.;19;реставрация;80600;
Р;3000157;нет;Россия.;Рукописная.Праздники. 2 половина 19 века.;19;нет;2800;
Р;3000162;нет;Россия.;Рукописная.Праздники. 2 половина 19 века.;19;нет;12000;
Б;3000163;нет;Богатов;Акварель. Стадо у реки. 19-нач.20 века.;19;нет;10000;
Р;3000164;нет;Россия.;Рукописная.Праздники. 2 половина 19 века.;19;нет;12000;
Р;3000166;нет;Россия.;Рукописная.Праздники. 2 половина 19 века.;19;нет;2800;
Р;3000174;нет;Россия.;Рукописная.Праздники. 2 половина 19 века.;19;нет;1000;
Р;3000177;нет;Россия.;Рукописная.Праздники. 2 половина 19 века.;19;нет;1600;
Р;3000182;нет;Россия.;Рукописная.Праздники. 2 половина 19 века.;19;нет;36000;
Р;3000189;нет;Россия.;Рукописная.Праздники. 2 половина 19 века.;19;повтор ;8800;
Р;3000190;нет;Россия.;Рукописная.Праздники. 2 половина 19 века.;19;небольшой скол;12000;
Р;3000193;нет;Россия.;Рукописная.Праздники. 2 половина 19 века.;19;нет;1800;
Р;3000195;нет;Россия.;Рукописная.Праздники. 2 половина 19 века.;19;нет;10800;
Р;3000197;нет;Россия.;Рукописная.Праздники. 2 половина 19 века.;19;нет;8000;
Р;3000198;нет;Россия.;Рукописная.Праздники. 2 половина 19 века.;19;нет;2400;
Р;3000199;нет;Россия.;Рукописная.Праздники. 2 половина 19 века.;19;нет;1200;
Р;3000205;нет;Россия.;Рукописная.Праздники. 2 половина 19 века.;19;нет;2400;
Р;3000207;нет;Россия.;Рукописная.Праздники. 2 половина 19 века.;19;нет;3600;
Р;3000209;нет;Россия.;Рукописная.Праздники. 2 половина 19 века.;19;нет;2400;
Р;3000214;нет;Россия.;Рукописная.Праздники. 2 половина 19 века.;19;нет;1200;
Р;3000216;нет;Россия.;Рукописная.Праздники. 2 половина 19 века.;19;нет;2400;
Р;3000220;нет;Россия.;Рукописная.Праздники. 2 половина 19 века.;19;нет;2400;
Р;3000223;нет;Россия.;Рукописная.Праздники. 2 половина 19 века.;19;небольшой дефект;16000;
Р;3000224;нет;Россия.;Рукописная.Праздники. 2 половина 19 века.;19;нет;1800;
Р;3000225;нет;Россия.;Рукописная.Праздники. 2 половина 19 века.;19;дефект на крышке;4000;
Р;3000226;нет;Россия.;Рукописная.Праздники. 2 половина 19 века.;19;есть дефекты;800;
Р;3000229;нет;Россия.;Рукописная.Праздники. 2 половина 19 века.;19;нет;2200;
Р;3000230;нет;Россия.;Рукописная.Праздники. 2 половина 19 века.;19;нет;2800;
Р;3000231;нет;Россия.;Рукописная.Праздники. 2 половина 19 века.;19;нет;1500;
Р;3000233;нет;Россия.;Рукописная.Праздники. 2 половина 19 века.;19;Дефект;1400;
Р;3000240;нет;Россия.;Рукописная.Праздники. 2 половина 19 века.;19;дефект на рожке;50000;
Р;3000241;нет;Россия.;Рукописная.Праздники. 2 половина 19 века.;19;нет;50000;
Р;3000259;нет;Россия.;Рукописная.Праздники. 2 половина 19 века.;19;нет;12800;
Р;3000260;нет;Россия.;Рукописная.Праздники. 2 половина 19 века.;19;нет;22800;
Р;3000266;нет;Россия.;Рукописная.Праздники. 2 половина 19 века.;19;в отличном виде;2200;
Р;3000275;нет;Россия.;Рукописная.Праздники. 2 половина 19 века.;19;нет;18000;
Р;3000285;нет;Россия.;Рукописная.Праздники. 2 половина 19 века.;19;нет;6000;
Р;3000286;нет;Россия.;Рукописная.Праздники. 2 половина 19 века.;19;нет;4000;
Р;3000289;нет;Россия.;Рукописная.Праздники. 2 половина 19 века.;19;в отличном виде;65800;
Р;3000298;нет;Россия.;Рукописная.Праздники. 2 половина 19 века.;19;нужна реставрация;53400;
Р;3000300;нет;Россия.;Рукописная.Праздники. 2 половина 19 века.;19;нет;3400;
Р;3000304;нет;Россия.;Рукописная.Праздники. 2 половина 19 века.;19;нет;3600;
Р;3000305;нет;Россия.;Рукописная.Праздники. 2 половина 19 века.;19;нет;3600;
Р;3000311;нет;Россия.;Рукописная.Праздники. 2 половина 19 века.;19;трещина;10000;
Р;3000312;нет;Россия.;Рукописная.Праздники. 2 половина 19 века.;19;нет;25000;
Р;3000317;нет;Россия.;Рукописная.Праздники. 2 половина 19 века.;19;нет;10400;
Р;3000335;нет;Россия.;Рукописная.Праздники. 2 половина 19 века.;19;нет;5400;
Р;3000345;нет;Россия.;Рукописная.Праздники. 2 половина 19 века.;19;нет;4000;
Р;3000355;нет;Россия.;Рукописная.Праздники. 2 половина 19 века.;19;нет;8000;
Р;3000358;нет;Россия.;Рукописная.Праздники. 2 половина 19 века.;19;без утрат в хорошей сохранности;26000;
Р;3000366;нет;Россия.;Рукописная.Праздники. 2 половина 19 века.;19;нет;60000;
Р;3000373;нет;Россия.;Рукописная.Праздники. 2 половина 19 века.;19;нет;140000;
Р;3000377;нет;Россия.;Рукописная.Праздники. 2 половина 19 века.;19;нет;3200;
Р;3000380;нет;Россия.;Рукописная.Праздники. 2 половина 19 века.;19;нет;3400;
Р;3000383;нет;Россия.;Рукописная.Праздники. 2 половина 19 века.;19;нет;8000;
Р;3000389;нет;Россия.;Рукописная.Праздники. 2 половина 19 века.;19;нет;35000;
Р;3000398;нет;Россия.;Рукописная.Праздники. 2 половина 19 века.;19;нет;1000;
Р;3000411;нет;Россия.;Рукописная.Праздники. 2 половина 19 века.;19;Реставрация;10200;
Р;3000414;нет;Россия.;Рукописная.Праздники. 2 половина 19 века.;19;нет;3600;
Р;3000415;нет;Россия.;Рукописная.Праздники. 2 половина 19 века.;19;нет;4200;
Р;3000416;нет;Россия.;Рукописная.Праздники. 2 половина 19 века.;19;нет;3800;
Р;3000418;нет;Россия.;Рукописная.Праздники. 2 половина 19 века.;19;нет;960;
Р;3000437;нет;Россия.;Рукописная.Праздники. 2 половина 19 века.;19;нет;1100;
Р;3000440;нет;Россия.;Рукописная.Праздники. 2 половина 19 века.;19;нет;480;
Р;3000441;нет;Россия.;Рукописная.Праздники. 2 половина 19 века.;19;нет;36000;
Р;3000442;нет;Россия.;Рукописная.Праздники. 2 половина 19 века.;19;нет;36000;
Р;3000443;нет;Россия.;Рукописная.Праздники. 2 половина 19 века.;19;нет;36000;
Р;3000447;нет;Россия.;Рукописная.Праздники. 2 половина 19 века.;19;нет;1600;
Р;3000450;нет;Россия.;Рукописная.Праздники. 2 половина 19 века.;19;нет;34000;
Р;3000453;нет;Россия.;Рукописная.Праздники. 2 половина 19 века.;19;нет;100000;
Р;3000463;нет;Россия.;Рукописная.Праздники. 2 половина 19 века.;19;реставрация;6000;
Р;3000464;нет;Россия.;Рукописная.Праздники. 2 половина 19 века.;19;реставрация;7200;
Р;3000568;нет;Россия.;Рукописная.Праздники. 2 половина 19 века.;19;нет;700;
Р;3000467;нет;Россия.;Рукописная.Праздники. 2 половина 19 века.;19;реставрация;11800;
Р;3000469;нет;Россия.;Рукописная.Праздники. 2 половина 19 века.;19;нет;1400;
Р;3000475;нет;Россия.;Рукописная.Праздники. 2 половина 19 века.;19;нет;1200;
Р;3000478;нет;Россия.;Рукописная.Праздники. 2 половина 19 века.;19;нет;28000;
Р;3000500;нет;Россия.;Рукописная.Праздники. 2 половина 19 века.;19;нет;150000;
Р;3000505;нет;Россия.;Рукописная.Праздники. 2 половина 19 века.;19;нет;960;
Р;3000509;нет;Россия.;Рукописная.Праздники. 2 половина 19 века.;19;нет;10800;
Р;3000516;нет;Россия.;Рукописная.Праздники. 2 половина 19 века.;19;нет;52000;
Р;3000517;нет;Россия.;Рукописная.Праздники. 2 половина 19 века.;19;нет;20800;
Р;3000518;нет;Россия.;Рукописная.Праздники. 2 половина 19 века.;19;реставрация;34600;
Р;3000519;нет;Россия.;Рукописная.Праздники. 2 половина 19 века.;19;нет;7200;
Р;3000521;нет;Россия.;Рукописная.Праздники. 2 половина 19 века.;19;нет;5600;
Р;3000522;нет;Россия.;Рукописная.Праздники. 2 половина 19 века.;19;нет;22600;
Р;3000548;нет;Россия.;Рукописная.Праздники. 2 половина 19 века.;19;нет;960;
Р;3000553;нет;Россия.;Рукописная.Праздники. 2 половина 19 века.;19;небольшие дефекты;20000;
Р;3000554;нет;Россия.;Рукописная.Праздники. 2 половина 19 века.;19;нет;360;
Р;3000562;нет;Россия.;Рукописная.Праздники. 2 половина 19 века.;19;нет;2600;
Р;3000585;нет;Россия.;Рукописная.Праздники. 2 половина 19 века.;19;нет;14000;
Р;3000589;нет;Россия.;Рукописная.Праздники. 2 половина 19 века.;19;нет;16000;
Р;3000605;нет;Россия.;Рукописная.Праздники. 2 половина 19 века.;19;нет;16000;
Р;3000608;нет;Россия.;Рукописная.Праздники. 2 половина 19 века.;19;нет;30000;
Р;3000609;нет;Россия.;Рукописная.Праздники. 2 половина 19 века.;19;нет;14000;
Р;3000610;нет;Россия.;Рукописная.Праздники. 2 половина 19 века.;19;нет;6000;
Р;3000623;нет;Россия.;Рукописная.Праздники. 2 половина 19 века.;19;нет;12000;
Р;3000624;нет;Россия.;Рукописная.Праздники. 2 половина 19 века.;19;нет;10600;
Р;3000627;нет;Россия.;Рукописная.Праздники. 2 половина 19 века.;19;нет;15800;
Р;3000628;нет;Россия.;Рукописная.Праздники. 2 половина 19 века.;19;нет;7600;
Р;3000630;нет;Россия.;Рукописная.Праздники. 2 половина 19 века.;19;нет;10000;
Р;3000631;нет;Россия.;Рукописная.Праздники. 2 половина 19 века.;19;нет;16000;
Р;3000641;нет;Россия.;Рукописная.Праздники. 2 половина 19 века.;19;нет;4000;
Р;3000643;нет;Россия.;Рукописная.Праздники. 2 половина 19 века.;19;нет;2400;
Р;3000646;нет;Россия.;Рукописная.Праздники. 2 половина 19 века.;19;нет;52000;
Р;3000655;нет;Россия.;Рукописная.Праздники. 2 половина 19 века.;19;нет;18000;
Р;3000669;нет;Россия.;Рукописная.Праздники. 2 половина 19 века.;19;нет;56000;
Р;3000676;нет;Россия.;Рукописная.Праздники. 2 половина 19 века.;19;нет;30000;
Р;3000680;нет;Россия.;Рукописная.Праздники. 2 половина 19 века.;19;нет;56000;
Р;3000694;нет;Россия.;Рукописная.Праздники. 2 половина 19 века.;19;нет;2400;
Р;3000703;нет;Россия.;Рукописная.Праздники. 2 половина 19 века.;19;нет;1200;
Р;3000706;нет;Россия.;Рукописная.Праздники. 2 половина 19 века.;19;скол;12000;
Р;3000731;нет;Россия.;Рукописная.Праздники. 2 половина 19 века.;19;нет;4600;
Р;3000743;нет;Россия.;Рукописная.Праздники. 2 половина 19 века.;19;нет;6800;
Р;3000745;нет;Россия.;Рукописная.Праздники. 2 половина 19 века.;19;нет;2400;
Р;3000750;нет;Россия.;Рукописная.Праздники. 2 половина 19 века.;19;нет;6400;
Р;3000754;нет;Россия.;Рукописная.Праздники. 2 половина 19 века.;19;нет;4800;
Р;3000759;нет;Россия.;Рукописная.Праздники. 2 половина 19 века.;19;нет;1600;
Р;3000767;нет;Россия.;Рукописная.Праздники. 2 половина 19 века.;19;нет;2000;
Р;3000770;нет;Россия.;Рукописная.Праздники. 2 половина 19 века.;19;нет;10000;
Р;3000773;нет;Россия.;Рукописная.Праздники. 2 половина 19 века.;19;нет;8000;
Р;3000774;нет;Россия.;Рукописная.Праздники. 2 половина 19 века.;19;нет;4800;
Р;3000775;нет;Россия.;Рукописная.Праздники. 2 половина 19 века.;19;нет;2000;
Р;3000777;нет;Россия.;Рукописная.Праздники. 2 половина 19 века.;19;нет;1200;
А;3002073;нет;Англия;Блюдо фаянсовое круглой формы;0;нет;400;
Р;3000796;нет;Россия.;Рукописная.Праздники. 2 половина 19 века.;19;нет;6000;
Р;3000797;нет;Россия.;Рукописная.Праздники. 2 половина 19 века.;19;нет;8000;
Е;3002077;нет;Европа;Молочник фарфор с позолотой;0;нет;2200;
Р;3000799;нет;Россия.;Рукописная.Праздники. 2 половина 19 века.;19;нет;8000;
Р;3000802;нет;Россия.;Рукописная.Праздники. 2 половина 19 века.;19;нет;20000;
Р;3000803;нет;Россия.;Рукописная.Праздники. 2 половина 19 века.;19;нет;20000;
Р;3000804;нет;Россия.;Рукописная.Праздники. 2 половина 19 века.;19;нет;30000;
Р;3000812;нет;Россия.;Рукописная.Праздники. 2 половина 19 века.;19;нет;17800;
Е;3002081;нет;Европа;Молочник фарфор;0;нет;1200;
ф;3002083;нет;ф-ка Кузнецова;16 предметов из чайного сервиза /дефекты на двух чашках и полоскательнице/;0;нет;28000;
Р;3000813;нет;Россия.;Рукописная.Праздники. 2 половина 19 века.;19;нет;12000;
Е;3002085;нет;Европа;Чашка для чая без блюдца фарфор живопись Европа 19век пер.половина;0;скол позолота потерта;19800;
Р;3000817;нет;Россия.;Рукописная.Праздники. 2 половина 19 века.;19;нет;2000;
Р;3000818;нет;Россия.;Рукописная.Праздники. 2 половина 19 века.;19;нет;1800;
Р;3000820;нет;Россия.;Рукописная.Праздники. 2 половина 19 века.;19;нет;4000;
Р;3000822;нет;Россия.;Рукописная.Праздники. 2 половина 19 века.;19;нет;20000;
Р;3001045;нет;Россия.;Рукописная.Праздники. 2 половина 19 века.;19;нет;1360;
Р;3000823;нет;Россия.;Рукописная.Праздники. 2 половина 19 века.;19;нет;24000;
Р;3000829;нет;Россия.;Рукописная.Праздники. 2 половина 19 века.;19;нет;4800;
Р;3000830;нет;Россия.;Рукописная.Праздники. 2 половина 19 века.;19;нет;20000;
Р;3000833;нет;Россия.;Рукописная.Праздники. 2 половина 19 века.;19;нет;22000;
Р;3001294;нет;Россия.;Рукописная.Праздники. 2 половина 19 века.;19;нет;24000;
Г;3002097;нет;Гжель;Фигурка белки;0;нет;1200;
Р;3000845;нет;Россия.;Рукописная.Праздники. 2 половина 19 века.;19;нет;8000;
Е;3002100;нет;Европа;Предметы для сервировки латунь 2 шт.;0;нет;3600;
Р;3000846;нет;Россия.;Рукописная.Праздники. 2 половина 19 века.;19;нет;800;
А;3002103;нет;Англия;Лоток фаянс;0;нет;2200;
Р;3000850;нет;Россия.;Рукописная.Праздники. 2 половина 19 века.;19;нет;80000;
Р;3000855;нет;Россия.;Рукописная.Праздники. 2 половина 19 века.;19;нет;3600;
Р;3000860;нет;Россия.;Рукописная.Праздники. 2 половина 19 века.;19;нет;1000;
Р;3000861;нет;Россия.;Рукописная.Праздники. 2 половина 19 века.;19;нет;1600;
Л;3002105;нет;ЛФЗ;Фигурка Бобчинский и Добчинский;0;сколы;16000;
Г;3002107;нет;Гжель;Фигурка птички;0;нет;400;
Р;3000868;нет;Россия.;Рукописная.Праздники. 2 половина 19 века.;19;нет;2400;
Р;3001574;нет;Россия.;Рукописная.Праздники. 2 половина 19 века.;19;нет;600;
Р;3000872;нет;Россия.;Рукописная.Праздники. 2 половина 19 века.;19;нет;13600;
Р;3000876;нет;Россия.;Рукописная.Праздники. 2 половина 19 века.;19;нет;6000;
Р;3001044;нет;Россия.;Рукописная.Праздники. 2 половина 19 века.;19;нет;10000;
Р;3001189;нет;Россия.;Рукописная.Праздники. 2 половина 19 века.;19;нет;22000;
Р;3000877;нет;Россия.;Рукописная.Праздники. 2 половина 19 века.;19;нет;2200;
Р;3000880;нет;Россия.;Рукописная.Праздники. 2 половина 19 века.;19;нет;1200;
Р;3001292;нет;Россия.;Рукописная.Праздники. 2 половина 19 века.;19;нет;5800;
Р;3000901;нет;Россия.;Рукописная.Праздники. 2 половина 19 века.;19;нет;14800;
Р;3000882;нет;Россия.;Рукописная.Праздники. 2 половина 19 века.;19;нет;4800;
Р;3000884;нет;Россия.;Рукописная.Праздники. 2 половина 19 века.;19;нет;8000;
Р;3000885;нет;Россия.;Рукописная.Праздники. 2 половина 19 века.;19;нет;2600;
Р;3000886;нет;Россия.;Рукописная.Праздники. 2 половина 19 века.;19;нет;10800;
Р;3000888;нет;Россия.;Рукописная.Праздники. 2 половина 19 века.;19;нет;12000;
Р;3000889;нет;Россия.;Рукописная.Праздники. 2 половина 19 века.;19;нет;9600;
Р;3000892;нет;Россия.;Рукописная.Праздники. 2 половина 19 века.;19;нет;10000;
Р;3000893;нет;Россия.;Рукописная.Праздники. 2 половина 19 века.;19;нет;28000;
Р;3000894;нет;Россия.;Рукописная.Праздники. 2 половина 19 века.;19;нет;16000;
Р;3000909;нет;Россия.;Рукописная.Праздники. 2 половина 19 века.;19;нет;1240;
Р;3000910;нет;Россия.;Рукописная.Праздники. 2 половина 19 века.;19;нет;1120;
Р;3000913;нет;Россия.;Рукописная.Праздники. 2 половина 19 века.;19;нет;2220;
Р;3000914;нет;Россия.;Рукописная.Праздники. 2 половина 19 века.;19;нет;1400;
Р;3000915;нет;Россия.;Рукописная.Праздники. 2 половина 19 века.;19;нет;800;
Р;3000916;нет;Россия.;Рукописная.Праздники. 2 половина 19 века.;19;нет;1400;
Р;3000921;нет;Россия.;Рукописная.Праздники. 2 половина 19 века.;19;нет;2400;
Р;3000923;нет;Россия.;Рукописная.Праздники. 2 половина 19 века.;19;нет;1800;
Р;3000924;нет;Россия.;Рукописная.Праздники. 2 половина 19 века.;19;нет;1600;
Р;3000925;нет;Россия.;Рукописная.Праздники. 2 половина 19 века.;19;нет;6600;
Р;3000929;нет;Россия.;Рукописная.Праздники. 2 половина 19 века.;19;нет;8000;
Р;3000930;нет;Россия.;Рукописная.Праздники. 2 половина 19 века.;19;нет;95000;
Р;3000939;нет;Россия.;Рукописная.Праздники. 2 половина 19 века.;19;нет;1200;
Р;3000942;нет;Россия.;Рукописная.Праздники. 2 половина 19 века.;19;нет;1600;
Р;3000947;нет;Россия.;Рукописная.Праздники. 2 половина 19 века.;19;нет;2400;
Р;3000948;нет;Россия.;Рукописная.Праздники. 2 половина 19 века.;19;нет;9800;
Р;3000950;нет;Россия.;Рукописная.Праздники. 2 половина 19 века.;19;нет;4200;
Р;3000954;нет;Россия.;Рукописная.Праздники. 2 половина 19 века.;19;нет;2800;
Р;3000967;нет;Россия.;Рукописная.Праздники. 2 половина 19 века.;19;нет;8000;
Р;3000968;нет;Россия.;Рукописная.Праздники. 2 половина 19 века.;19;нет;6000;
Р;3000969;нет;Россия.;Рукописная.Праздники. 2 половина 19 века.;19;нет;6000;
Р;3000972;нет;Россия.;Рукописная.Праздники. 2 половина 19 века.;19;нет;10000;
Р;3000978;нет;Россия.;Рукописная.Праздники. 2 половина 19 века.;19;нет;19800;
Р;3000979;нет;Россия.;Рукописная.Праздники. 2 половина 19 века.;19;нет;9600;
Р;3000980;нет;Россия.;Рукописная.Праздники. 2 половина 19 века.;19;нет;11200;
Р;3000984;нет;Россия.;Рукописная.Праздники. 2 половина 19 века.;19;нет;16000;
Р;3000986;нет;Россия.;Рукописная.Праздники. 2 половина 19 века.;19;нет;2000;
Р;3000988;нет;Россия.;Рукописная.Праздники. 2 половина 19 века.;19;нет;24000;
Р;3000989;нет;Россия.;Рукописная.Праздники. 2 половина 19 века.;19;нет;42000;
Р;3000994;нет;Россия.;Рукописная.Праздники. 2 половина 19 века.;19;нет;1200;
Р;3000998;нет;Россия.;Рукописная.Праздники. 2 половина 19 века.;19;нет;2000;
Р;3001003;нет;Россия.;Рукописная.Праздники. 2 половина 19 века.;19;нет;1000;
Р;3001007;нет;Россия.;Рукописная.Праздники. 2 половина 19 века.;19;нет;2800;
Р;3001009;нет;Россия.;Рукописная.Праздники. 2 половина 19 века.;19;нет;2000;
Р;3001017;нет;Россия.;Рукописная.Праздники. 2 половина 19 века.;19;нет;30000;
Р;3001037;нет;Россия.;Рукописная.Праздники. 2 половина 19 века.;19;нет;600;
Р;3001038;нет;Россия.;Рукописная.Праздники. 2 половина 19 века.;19;нет;600;
Р;3001039;нет;Россия.;Рукописная.Праздники. 2 половина 19 века.;19;нет;1060;
Р;3001061;нет;Россия.;Рукописная.Праздники. 2 половина 19 века.;19;нет;140000;
Р;3001062;нет;Россия.;Рукописная.Праздники. 2 половина 19 века.;19;нет;11200;
Р;3001070;нет;Россия.;Рукописная.Праздники. 2 половина 19 века.;19;нет;5600;
Р;3001071;нет;Россия.;Рукописная.Праздники. 2 половина 19 века.;19;нет;2700;
Р;3001085;нет;Россия.;Рукописная.Праздники. 2 половина 19 века.;19;нет;5600;
Р;3001096;нет;Россия.;Рукописная.Праздники. 2 половина 19 века.;19;нет;6800;
Р;3001097;нет;Россия.;Рукописная.Праздники. 2 половина 19 века.;19;нет;6800;
Р;3001098;нет;Россия.;Рукописная.Праздники. 2 половина 19 века.;19;нет;6800;
Р;3001099;нет;Россия.;Рукописная.Праздники. 2 половина 19 века.;19;нет;4200;
Р;3001100;нет;Россия.;Рукописная.Праздники. 2 половина 19 века.;19;нет;2600;
Р;3001101;нет;Россия.;Рукописная.Праздники. 2 половина 19 века.;19;нет;1000;
Р;3001103;нет;Россия.;Рукописная.Праздники. 2 половина 19 века.;19;нет;5200;
Р;3001104;нет;Россия.;Рукописная.Праздники. 2 половина 19 века.;19;нет;1200;
Р;3001105;нет;Россия.;Рукописная.Праздники. 2 половина 19 века.;19;нет;260;
Р;3001106;нет;Россия.;Рукописная.Праздники. 2 половина 19 века.;19;нет;160;
Р;3001108;нет;Россия.;Рукописная.Праздники. 2 половина 19 века.;19;нет;580;
Р;3001111;нет;Россия.;Рукописная.Праздники. 2 половина 19 века.;19;нет;140;
Р;3001112;нет;Россия.;Рукописная.Праздники. 2 половина 19 века.;19;нет;1360;
Р;3001113;нет;Россия.;Рукописная.Праздники. 2 половина 19 века.;19;нет;900;
Р;3001114;нет;Россия.;Рукописная.Праздники. 2 половина 19 века.;19;нет;240;
Р;3001115;нет;Россия.;Рукописная.Праздники. 2 половина 19 века.;19;нет;12000;
Р;3001116;нет;Россия.;Рукописная.Праздники. 2 половина 19 века.;19;нет;120;
Р;3001118;нет;Россия.;Рукописная.Праздники. 2 половина 19 века.;19;нет;30000;
Р;3001124;нет;Россия.;Рукописная.Праздники. 2 половина 19 века.;19;нет;2000;
Р;3001126;нет;Россия.;Рукописная.Праздники. 2 половина 19 века.;19;нет;800;
Р;3001127;нет;Россия.;Рукописная.Праздники. 2 половина 19 века.;19;нет;160;
Р;3001129;нет;Россия.;Рукописная.Праздники. 2 половина 19 века.;19;нет;800;
Р;3001130;нет;Россия.;Рукописная.Праздники. 2 половина 19 века.;19;нет;800;
Р;3001131;нет;Россия.;Рукописная.Праздники. 2 половина 19 века.;19;нет;800;
Р;3001132;нет;Россия.;Рукописная.Праздники. 2 половина 19 века.;19;нет;600;
Р;3001138;нет;Россия.;Рукописная.Праздники. 2 половина 19 века.;19;нет;1100;
Р;3001139;нет;Россия.;Рукописная.Праздники. 2 половина 19 века.;19;нет;880;
Р;3001140;нет;Россия.;Рукописная.Праздники. 2 половина 19 века.;19;нет;1100;
Р;3001143;нет;Россия.;Рукописная.Праздники. 2 половина 19 века.;19;нет;29000;
Р;3001151;нет;Россия.;Рукописная.Праздники. 2 половина 19 века.;19;небольшие дефекты;34000;
Р;3001152;нет;Россия.;Рукописная.Праздники. 2 половина 19 века.;19;на чашке трещина;5000;
Р;3001153;нет;Россия.;Рукописная.Праздники. 2 половина 19 века.;19;нет;6000;
Р;3001155;нет;Россия.;Рукописная.Праздники. 2 половина 19 века.;19;нет;2600;
Р;3001166;нет;Россия.;Рукописная.Праздники. 2 половина 19 века.;19;нет;4000;
Р;3001169;нет;Россия.;Рукописная.Праздники. 2 половина 19 века.;19;нет;16000;
Р;3001170;нет;Россия.;Рукописная.Праздники. 2 половина 19 века.;19;нет;1800;
Р;3001171;нет;Россия.;Рукописная.Праздники. 2 половина 19 века.;19;нет;1800;
Р;3001174;нет;Россия.;Рукописная.Праздники. 2 половина 19 века.;19;нет;12000;
Р;3001176;нет;Россия.;Рукописная.Праздники. 2 половина 19 века.;19;нет;1600;
Р;3001180;нет;Россия.;Рукописная.Праздники. 2 половина 19 века.;19;нет;3600;
Р;3001195;нет;Россия.;Рукописная.Праздники. 2 половина 19 века.;19;нет;10000;
Р;3001203;нет;Россия.;Рукописная.Праздники. 2 половина 19 века.;19;нет;2200;
Р;3001209;нет;Россия.;Рукописная.Праздники. 2 половина 19 века.;19;нет;2800;
Р;3001215;нет;Россия.;Рукописная.Праздники. 2 половина 19 века.;19;нет;74800;
Р;3001216;нет;Россия.;Рукописная.Праздники. 2 половина 19 века.;19;нет;5000;
Р;3001217;нет;Россия.;Рукописная.Праздники. 2 половина 19 века.;19;нет;5000;
Р;3001222;нет;Россия.;Рукописная.Праздники. 2 половина 19 века.;19;нет;800;
Р;3001223;нет;Россия.;Рукописная.Праздники. 2 половина 19 века.;19;нет;800;
Р;3001226;нет;Россия.;Рукописная.Праздники. 2 половина 19 века.;19;нет;12000;
Р;3001227;нет;Россия.;Рукописная.Праздники. 2 половина 19 века.;19;нет;43200;
Р;3001228;нет;Россия.;Рукописная.Праздники. 2 половина 19 века.;19;нет;4600;
Р;3001232;нет;Россия.;Рукописная.Праздники. 2 половина 19 века.;19;нет;3600;
Р;3001234;нет;Россия.;Рукописная.Праздники. 2 половина 19 века.;19;нет;1200;
Р;3001235;нет;Россия.;Рукописная.Праздники. 2 половина 19 века.;19;нет;900;
Р;3001242;нет;Россия.;Рукописная.Праздники. 2 половина 19 века.;19;нет;12000;
Р;3001243;нет;Россия.;Рукописная.Праздники. 2 половина 19 века.;19;есть небольшие утраты;12000;
Р;3001250;нет;Россия.;Рукописная.Праздники. 2 половина 19 века.;19;нет;2800;
Р;3001252;нет;Россия.;Рукописная.Праздники. 2 половина 19 века.;19;нет;1600;
Р;3001253;нет;Россия.;Рукописная.Праздники. 2 половина 19 века.;19;нет;2000;
Р;3001254;нет;Россия.;Рукописная.Праздники. 2 половина 19 века.;19;нет;600;
Р;3001256;нет;Россия.;Рукописная.Праздники. 2 половина 19 века.;19;нет;1200;
Р;3001259;нет;Россия.;Рукописная.Праздники. 2 половина 19 века.;19;нет;1600;
Р;3001260;нет;Россия.;Рукописная.Праздники. 2 половина 19 века.;19;нет;9800;
Р;3001262;нет;Россия.;Рукописная.Праздники. 2 половина 19 века.;19;нет;18000;
Р;3001264;нет;Россия.;Рукописная.Праздники. 2 половина 19 века.;19;нет;4800;
Р;3001267;нет;Россия.;Рукописная.Праздники. 2 половина 19 века.;19;нет;6000;
Р;3001270;нет;Россия.;Рукописная.Праздники. 2 половина 19 века.;19;нет;20400;
Р;3001276;нет;Россия.;Рукописная.Праздники. 2 половина 19 века.;19;нет;5800;
Р;3001286;нет;Россия.;Рукописная.Праздники. 2 половина 19 века.;19;нет;6000;
Р;3001287;нет;Россия.;Рукописная.Праздники. 2 половина 19 века.;19;нет;9800;
Р;3001288;нет;Россия.;Рукописная.Праздники. 2 половина 19 века.;19;нет;8200;
Р;3001289;нет;Россия.;Рукописная.Праздники. 2 половина 19 века.;19;нет;8000;
Р;3001290;нет;Россия.;Рукописная.Праздники. 2 половина 19 века.;19;нет;8200;
Р;3001301;нет;Россия.;Рукописная.Праздники. 2 половина 19 века.;19;нет;1400;
Р;3001322;нет;Россия.;Рукописная.Праздники. 2 половина 19 века.;19;нет;4000;
Р;3001325;нет;Россия.;Рукописная.Праздники. 2 половина 19 века.;19;нет;2200;
Р;3001335;нет;Россия.;Рукописная.Праздники. 2 половина 19 века.;19;нет;9400;
Р;3001336;нет;Россия.;Рукописная.Праздники. 2 половина 19 века.;19;нет;3600;
Р;3001343;нет;Россия.;Рукописная.Праздники. 2 половина 19 века.;19;нет;12000;
Р;3001364;нет;Россия.;Рукописная.Праздники. 2 половина 19 века.;19;нет;4000;
Р;3001393;нет;Россия.;Рукописная.Праздники. 2 половина 19 века.;19;нет;20000;
Р;3001394;нет;Россия.;Рукописная.Праздники. 2 половина 19 века.;19;нет;20000;
Р;3001396;нет;Россия.;Рукописная.Праздники. 2 половина 19 века.;19;нет;4800;
Р;3001412;нет;Россия.;Рукописная.Праздники. 2 половина 19 века.;19;нет;10000;
Р;3001414;нет;Россия.;Рукописная.Праздники. 2 половина 19 века.;19;нет;80000;
Р;3001423;нет;Россия.;Рукописная.Праздники. 2 половина 19 века.;19;нет;3200;
Р;3001427;нет;Россия.;Рукописная.Праздники. 2 половина 19 века.;19;нет;10800;
Р;3001441;нет;Россия.;Рукописная.Праздники. 2 половина 19 века.;19;нет;18000;
Р;3001449;нет;Россия.;Рукописная.Праздники. 2 половина 19 века.;19;нет;18000;
Р;3001451;нет;Россия.;Рукописная.Праздники. 2 половина 19 века.;19;нет;1600;
Р;3001458;нет;Россия.;Рукописная.Праздники. 2 половина 19 века.;19;нет;6800;
Р;3001459;нет;Россия.;Рукописная.Праздники. 2 половина 19 века.;19;нет;10000;
Р;3001460;нет;Россия.;Рукописная.Праздники. 2 половина 19 века.;19;нет;16000;
Р;3001461;нет;Россия.;Рукописная.Праздники. 2 половина 19 века.;19;нет;20000;
Р;3001463;нет;Россия.;Рукописная.Праздники. 2 половина 19 века.;19;нет;1800;
Р;3001464;нет;Россия.;Рукописная.Праздники. 2 половина 19 века.;19;нет;1800;
Р;3001465;нет;Россия.;Рукописная.Праздники. 2 половина 19 века.;19;нет;1800;
Р;3001466;нет;Россия.;Рукописная.Праздники. 2 половина 19 века.;19;нет;1800;
Р;3001467;нет;Россия.;Рукописная.Праздники. 2 половина 19 века.;19;нет;1800;
Р;3001468;нет;Россия.;Рукописная.Праздники. 2 половина 19 века.;19;нет;1800;
Р;3001472;нет;Россия.;Рукописная.Праздники. 2 половина 19 века.;19;нет;1200;
Р;3001475;нет;Россия.;Рукописная.Праздники. 2 половина 19 века.;19;нет;1600;
Р;3001480;нет;Россия.;Рукописная.Праздники. 2 половина 19 века.;19;нет;12000;
Р;3001482;нет;Россия.;Рукописная.Праздники. 2 половина 19 века.;19;нет;12000;
Р;3001495;нет;Россия.;Рукописная.Праздники. 2 половина 19 века.;19;нет;16000;
Р;3001496;нет;Россия.;Рукописная.Праздники. 2 половина 19 века.;19;нет;18000;
Р;3001497;нет;Россия.;Рукописная.Праздники. 2 половина 19 века.;19;нет;14000;
Р;3001498;нет;Россия.;Рукописная.Праздники. 2 половина 19 века.;19;нет;14000;
Р;3001510;нет;Россия.;Рукописная.Праздники. 2 половина 19 века.;19;нет;3400;
Р;3001511;нет;Россия.;Рукописная.Праздники. 2 половина 19 века.;19;нет;2800;
Р;3001522;нет;Россия.;Рукописная.Праздники. 2 половина 19 века.;19;нет;38000;
Р;3001525;нет;Россия.;Рукописная.Праздники. 2 половина 19 века.;19;нет;6600;
Р;3001526;нет;Россия.;Рукописная.Праздники. 2 половина 19 века.;19;нет;1000;
Р;3001528;нет;Россия.;Рукописная.Праздники. 2 половина 19 века.;19;нет;2400;
Р;3001540;нет;Россия.;Рукописная.Праздники. 2 половина 19 века.;19;нет;8000;
Р;3001545;нет;Россия.;Рукописная.Праздники. 2 половина 19 века.;19;нет;20000;
Р;3001551;нет;Россия.;Рукописная.Праздники. 2 половина 19 века.;19;нет;4000;
Р;3001555;нет;Россия.;Рукописная.Праздники. 2 половина 19 века.;19;нет;1400;
Р;3001569;нет;Россия.;Рукописная.Праздники. 2 половина 19 века.;19;нет;600;
Р;3001580;нет;Россия.;Рукописная.Праздники. 2 половина 19 века.;19;нет;2600;
Р;3001586;нет;Россия.;Рукописная.Праздники. 2 половина 19 века.;19;нет;2600;
Р;3001592;нет;Россия.;Рукописная.Праздники. 2 половина 19 века.;19;нет;600;
Р;3001603;нет;Россия.;Рукописная.Праздники. 2 половина 19 века.;19;нет;5000;
Р;3001604;нет;Россия.;Рукописная.Праздники. 2 половина 19 века.;19;нет;3800;
Р;3001613;нет;Россия.;Рукописная.Праздники. 2 половина 19 века.;19;нет;400;
Р;3001615;нет;Россия.;Рукописная.Праздники. 2 половина 19 века.;19;нет;400;
Р;3001632;нет;Россия.;Рукописная.Праздники. 2 половина 19 века.;19;нет;2400;
Р;3001634;нет;Россия.;Рукописная.Праздники. 2 половина 19 века.;19;нет;2000;
Р;3001646;нет;Россия.;Рукописная.Праздники. 2 половина 19 века.;19;нет;11200;
Р;3001653;нет;Россия.;Рукописная.Праздники. 2 половина 19 века.;19;нет;2400;
Р;3001659;нет;Россия.;Рукописная.Праздники. 2 половина 19 века.;19;нет;11200;
Р;3001671;нет;Россия.;Рукописная.Праздники. 2 половина 19 века.;19;нет;12000;
Р;3001673;нет;Россия.;Рукописная.Праздники. 2 половина 19 века.;19;нет;8000;
Р;3001690;нет;Россия.;Рукописная.Праздники. 2 половина 19 века.;19;нет;600;
Р;3001692;нет;Россия.;Рукописная.Праздники. 2 половина 19 века.;19;нет;1800;
Р;3001693;нет;Россия.;Рукописная.Праздники. 2 половина 19 века.;19;нет;100;
Р;3001696;нет;Россия.;Рукописная.Праздники. 2 половина 19 века.;19;нет;100;
Р;3001698;нет;Россия.;Рукописная.Праздники. 2 половина 19 века.;19;нет;100;
Р;3001702;нет;Россия.;Рукописная.Праздники. 2 половина 19 века.;19;нет;600;
Р;3001704;нет;Россия.;Рукописная.Праздники. 2 половина 19 века.;19;нет;15000;
Р;3001705;нет;Россия.;Рукописная.Праздники. 2 половина 19 века.;19;нет;8000;
Р;3001706;нет;Россия.;Рукописная.Праздники. 2 половина 19 века.;19;состояние плохое;10000;
Р;3001711;нет;Россия.;Рукописная.Праздники. 2 половина 19 века.;19;нет;4000;
Р;3001713;нет;Россия.;Рукописная.Праздники. 2 половина 19 века.;19;нет;2800;
Р;3001717;нет;Россия.;Рукописная.Праздники. 2 половина 19 века.;19;нет;48000;
Р;3001718;нет;Россия.;Рукописная.Праздники. 2 половина 19 века.;19;нет;40000;
Р;3001721;нет;Россия.;Рукописная.Праздники. 2 половина 19 века.;19;нет;4200;
Р;3001722;нет;Россия.;Рукописная.Праздники. 2 половина 19 века.;19;нет;800;
Р;3001723;нет;Россия.;Рукописная.Праздники. 2 половина 19 века.;19;нет;4800;
Р;3001725;нет;Россия.;Рукописная.Праздники. 2 половина 19 века.;19;нет;1200;
Р;3001734;нет;Россия.;Рукописная.Праздники. 2 половина 19 века.;19;нет;40000;
Р;3001738;нет;Россия.;Рукописная.Праздники. 2 половина 19 века.;19;нет;5200;
Р;3001749;нет;Россия.;Рукописная.Праздники. 2 половина 19 века.;19;нет;2000;
Р;3001756;нет;Россия.;Рукописная.Праздники. 2 половина 19 века.;19;нет;9800;
Р;3001759;нет;Россия.;Рукописная.Праздники. 2 половина 19 века.;19;нет;3000;
Р;3001764;нет;Россия.;Рукописная.Праздники. 2 половина 19 века.;19;дефекты;3200;
Р;3001765;нет;Россия.;Рукописная.Праздники. 2 половина 19 века.;19;нет;1600;
Р;3001771;нет;Россия.;Рукописная.Праздники. 2 половина 19 века.;19;нет;1400;
Р;3001781;нет;Россия.;Рукописная.Праздники. 2 половина 19 века.;19;нет;6000;
Р;3001782;нет;Россия.;Рукописная.Праздники. 2 половина 19 века.;19;нет;6000;
Р;3001783;нет;Россия.;Рукописная.Праздники. 2 половина 19 века.;19;металл;18000;
Р;3001784;нет;Россия.;Рукописная.Праздники. 2 половина 19 века.;19;нет;14000;
Р;3001787;нет;Россия.;Рукописная.Праздники. 2 половина 19 века.;19;нет;100000;
Р;3001788;нет;Россия.;Рукописная.Праздники. 2 половина 19 века.;19;нет;48000;
Р;3001790;нет;Россия.;Рукописная.Праздники. 2 половина 19 века.;19;нет;2400;
Р;3001791;нет;Россия.;Рукописная.Праздники. 2 половина 19 века.;19;нет;1600;
Р;3001792;нет;Россия.;Рукописная.Праздники. 2 половина 19 века.;19;нет;1200;
Р;3001793;нет;Россия.;Рукописная.Праздники. 2 половина 19 века.;19;нет;2000;
Р;3001795;нет;Россия.;Рукописная.Праздники. 2 половина 19 века.;19;нет;2400;
Р;3001796;нет;Россия.;Рукописная.Праздники. 2 половина 19 века.;19;нет;1800;
Р;3001797;нет;Россия.;Рукописная.Праздники. 2 половина 19 века.;19;нет;400;
Р;3001799;нет;Россия.;Рукописная.Праздники. 2 половина 19 века.;19;нет;600;
Р;3001801;нет;Россия.;Рукописная.Праздники. 2 половина 19 века.;19;нет;36000;
Р;3001804;нет;Россия.;Рукописная.Праздники. 2 половина 19 века.;19;нет;6000;
Р;3001805;нет;Россия.;Рукописная.Праздники. 2 половина 19 века.;19;нет;6000;
Р;3001806;нет;Россия.;Рукописная.Праздники. 2 половина 19 века.;19;нет;6000;
Р;3001811;нет;Россия.;Рукописная.Праздники. 2 половина 19 века.;19;трещина на бокале, скол на крышке;2000;
Р;3001812;нет;Россия.;Рукописная.Праздники. 2 половина 19 века.;19;нет;2400;
Р;3001813;нет;Россия.;Рукописная.Праздники. 2 половина 19 века.;19;нет;3600;
Р;3001822;нет;Россия.;Рукописная.Праздники. 2 половина 19 века.;19;нет;3400;
Р;3001828;нет;Россия.;Рукописная.Праздники. 2 половина 19 века.;19;нет;2000;
Р;3001829;нет;Россия.;Рукописная.Праздники. 2 половина 19 века.;19;нет;2400;
Р;3001830;нет;Россия.;Рукописная.Праздники. 2 половина 19 века.;19;нет;2400;
Р;3001834;нет;Россия.;Рукописная.Праздники. 2 половина 19 века.;19;нет;3000;
Р;3001847;нет;Россия.;Рукописная.Праздники. 2 половина 19 века.;19;нет;6000;
Р;3001850;нет;Россия.;Рукописная.Праздники. 2 половина 19 века.;19;нет;2400;
Р;3001853;нет;Россия.;Рукописная.Праздники. 2 половина 19 века.;19;нет;8000;
Р;3001860;нет;Россия.;Рукописная.Праздники. 2 половина 19 века.;19;нет;18000;
Р;3001885;нет;Россия.;Рукописная.Праздники. 2 половина 19 века.;19;нет;800;
Р;3001896;нет;Россия.;Рукописная.Праздники. 2 половина 19 века.;19;нет;3200;
Р;3001897;нет;Россия.;Рукописная.Праздники. 2 половина 19 века.;19;нет;3000;
Р;3001902;нет;Россия.;Рукописная.Праздники. 2 половина 19 века.;19;нет;1200;
Р;3001906;нет;Россия.;Рукописная.Праздники. 2 половина 19 века.;19;нет;6400;
Р;3001909;нет;Россия.;Рукописная.Праздники. 2 половина 19 века.;19;нет;12000;
Р;3001912;нет;Россия.;Рукописная.Праздники. 2 половина 19 века.;19;нет;2800;
Р;3001917;нет;Россия.;Рукописная.Праздники. 2 половина 19 века.;19;нет;40000;
Р;3001923;нет;Россия.;Рукописная.Праздники. 2 половина 19 века.;19;нет;1600;
Р;3001926;нет;Россия.;Рукописная.Праздники. 2 половина 19 века.;19;нет;1600;
Р;3001928;нет;Россия.;Рукописная.Праздники. 2 половина 19 века.;19;нет;16000;
Р;3001931;нет;Россия.;Рукописная.Праздники. 2 половина 19 века.;19;нет;7600;
Р;3001939;нет;Россия.;Рукописная.Праздники. 2 половина 19 века.;19;Дефекты, детали есть. подписная;75000;
Р;3001945;нет;Россия.;Рукописная.Праздники. 2 половина 19 века.;19;  без замка;14000;
Р;3001956;нет;Россия.;Рукописная.Праздники. 2 половина 19 века.;19;нет;80000;
Р;3001997;нет;Россия.;Рукописная.Праздники. 2 половина 19 века.;19;нет;2000;
Р;3001998;нет;Россия.;Рукописная.Праздники. 2 половина 19 века.;19;нет;22000;
Р;3002000;нет;Россия.;Рукописная.Праздники. 2 половина 19 века.;19;нет;4000;
Р;3002007;нет;Россия.;Рукописная.Праздники. 2 половина 19 века.;19;селумин;2600;
Р;3002009;нет;Россия.;Рукописная.Праздники. 2 половина 19 века.;19;нет;7000;
Р;3002010;нет;Россия.;Рукописная.Праздники. 2 половина 19 века.;19;нет;18000;
Р;3002022;нет;Россия.;Рукописная.Праздники. 2 половина 19 века.;19;нет;1200;
Р;3002023;нет;Россия.;Рукописная.Праздники. 2 половина 19 века.;19;нет;700;
Р;3002041;нет;Россия.;Рукописная.Праздники. 2 половина 19 века.;19;нет;4000;
Р;3002042;нет;Россия.;Рукописная.Праздники. 2 половина 19 века.;19;нет;20000;
Р;3002058;нет;Россия.;Рукописная.Праздники. 2 половина 19 века.;19;нет;8000;
Р;3002060;нет;Россия.;Рукописная.Праздники. 2 половина 19 века.;19;нет;8000;
Р;3002063;нет;Россия.;Рукописная.Праздники. 2 половина 19 века.;19;нет стекла;12000;
Р;3002064;нет;Россия.;Рукописная.Праздники. 2 половина 19 века.;19;нет;6000;
Р;3002068;нет;Россия.;Рукописная.Праздники. 2 половина 19 века.;19;скол;1000;
ф;3002116;нет;ф-ка Конаково;Фигурка Козленок фаянс;0;нет;4000;
У;3002124;нет;Украина;Фигурка Девочка с кубиками Украина;0;нет;3200;
;3002858;нет;;Гравюра Александр I в рамке;0;.;5000;
ф;3002131;нет;ф-ка Кузнецова;Кружка с крышкой фарфор;0;нет;20000;
ф;3002133;нет;ф-ка Гжель;Теленок Гжель;0;нет;2000;
Р;3002134;нет;Россия;Графин   хрусталь;0;нет;36000;
С;3002140;нет;Соломко;Эскиз к книге;0;нет;76000;
Г;3002142;нет;Германия;Фигура кавалер фарфор;0;нет;5000;
Е;3002153;нет;Европа;Печатка  нож для бумаг. Гильяш, серебро 800 ;0;нет;10000;
Л;3002164;нет;ЛФЗ;Бюст Суворова Фарфор;0;нет;12000;
З;3002166;нет;ЗКХ Украина;Фигуристка в розовых коньках и варежках;0;нет;1000;
У;3002168;нет;Украина;Фигурка футболиста команды Динамо;0;нет;1200;
Е;3002182;нет;Европа;Тарелки настенные с портретами Наполеона и Жозефина фарфор деколь;0;нет;28000;
Б;3002184;нет;Бавария;Тарелки парные с женскими портретами Бавария фарфор деколь;0;нет;36000;
Е;3002194;нет;Европа;Комплект в коробке: 4 штофа и 6 рюмок;0;нет;80000;
Ф;3002198;нет;Франция;Комплект в коробке: 2 графина и 10 рюмок;0;нет;54000;
Е;3002203;нет;Европа;Гобелен в рамке 19век бильярд;0;нет;60000;
Е;3002204;нет;Европа;Гобелен в раме 19 век фехтование;0;нет;60000;
;3002205;нет;;Картина пейзаж холст масло 20 век неизвестный художник;0;нет;20000;
Г;3002211;нет;Германия;Композиция Тройка с санями фарфор;0;нет;20000;
Д;3002984;нет;Дулево;Фигурка Гусинный переполох фарфор 1955г.;0;реставрация;10200;
Л;3002233;нет;ЛФЗ;Тарелка из кремлёвского сервиза ЛФЗ;0;нет;16800;
Л;3002235;нет;ЛФЗ;Тарелка из кремлёвского сервиза диаметр 20 см ЛФЗ;0;нет;14000;
Л;3002236;нет;ЛФЗ;Тарелка из кремлёвского сервиза диаметр 18 см ЛФЗ;0;нет;11200;
Д;3002240;нет;Дулево;Фигурка Дама  в русском сарафане Дулево 1955г.;0;нет;1400;
В;3002246;нет;Вербилка;Масленка помидор Вербилка;0;нет;1600;
;3002250;нет;;Сумочка , расшитая бисером;0;нет;2400;
Г;3002271;нет;Гарднер ф-ка;Тарелка настенная ф-ка Гарднер фарфор живопись;0;нет;18000;
Л;3002275;нет;ЛФЗ;Фигурка Девушка руки в боки ЛФЗ;0;нет;2800;
К;3002276;нет;Конаково;Фигурка Крокодил Гена Конаково;0;нет;2800;
Л;3002289;нет;ЛФЗ;Фигурка Матросик с флажками рест.;0;нет;10000;
Р;3002290;нет;Рига;Фигурка Футболист рест.;0;нет;4000;
Л;3002291;нет;ЛФЗ;Фигурка Мальчик с шариками рест.;0;нет;8000;
;3002299;нет;;Фигурка Оркестр из 3-х музыкантов;0;нет;2400;
Т;3002307;нет;Ташкент;Фигурка Царица Тамара;0;нет;3200;
;3002310;нет;;Фигурка Лиса с удивительными глазами;0;нет;1200;
З;3002318;нет;ЗХК;Фигурка Загорающая на пляже лежит в красном купальнике;0;нет;2400;
;3002325;нет;;Ел.игр. цапля;0;нет;800;
;3002328;нет;;Ел.игр.;0;нет;200;
Г;3002330;нет;Гарднер;Сервиз детский фарфор из 12-ти предметов;0;блюдце потертое;24000;
М;3002346;нет;Мейсен;Тарелки пирожковые фарфор 6шт.;0;нет;12000;
Е;3002352;нет;Европа;Часы будуарные гильяшированная эмаль, бронза / на ходу/;0;б;80000;
;3003362;нет;;Часы настенные Мозер;0;нет;24000;
Ф;3002362;нет;Федоров С.Ф.;Картина без рамы.Дорога в сосновом бору.;0;нет;580000;
;3002368;нет;;Ел.игр. 4 по 200;0;нет;800;
;3002369;нет;;Ел игр. пирамида;0;нет;200;
М;3002370;нет;Москва;Ёлочная игрушка солнце 480;0;нет;480;
Г;3002371;нет;Гжель;Фигурка Фигуристка ;0;нет;4000;
М;3002389;нет;Москва;Ёлочная игрушка черномор 200;0;нет;200;
Е;3002411;нет;Европа Зап.;Настенный хануккальный светильник медь чеканка;0;нет;14000;
В;3002412;нет;Варшава;Парные подсвечники субботние металл ;0;нет;16000;
Е;3002413;нет;Европа зап.;Бронзовая фигура девушки с мячом нач.20 века;0;нет;20000;
;3002414;нет;;Фигурка Русский богатырь бисквит;0;нет;4000;
В;3002415;нет;Вена;Конфетница фарфор бронза ;0;нет;24000;
М;3002418;нет;Москва;Фарфоровая композиция мальчик с собакой 50-ые годы;0;нет;4800;
;3002419;нет;;Пирожковые тарелочки 6 шт.;0;дефект;1600;
Е;3002420;нет;Европа Зап.;Вазочка с куриной ножкой стекло;0;нет;4800;
Р;3002423;нет;Россия;Кувшин для воды Стекло 19-нач.20 века;0;нет;4000;
К;3002429;нет;Корниловы бр.;Тарелка с изобр.цветов;0;нет;600;
Е;3002437;нет;Европа;Ваза стекло, бронза в виде женской фигуры;0;на стекле скол;14000;
Е;3002439;нет;Европа;Миниатюра мужской портрет , живопись на кости, рамка металл;0;нет;12000;
Г;3003164;нет;Гжель;Фигура двух девочек, читающих книгу;0;нет;24000;
Р;3002441;нет;Россия;Часы настенные;0;нет;40000;
;3002442;нет;;Часы настенные;0;нет;80000;
;3002443;нет;;Часы каминные бронза на деревянной подставке;0;нет;80000;
Е;3002446;нет;Европа;Рамка для фото Бронза;0;нет;20000;
Г;3002448;нет;Германия;Поднос Фарфор Кобальт Живопись;0;нет;20000;
Е;3002449;нет;Европа;Подставка под лампу Фарфор Бронза;0;нет;100000;
Е;3002451;нет;Европа;Настольная лампа Фарфор Женские фигуры;0;нет;100000;
Е;3002452;нет;Европа;Ладья Стекло Типа Галле;0;нет;5000;
К;3002454;нет;Корниловы бр.;Пласт фарфоровый;0;нет;360000;
Г;3002455;нет;Галле;Стакан Стекло;0;нет;10000;
М;3002458;нет;Мейсен;Фигурка всадника на лошади;0;реставрация;120000;
Н;3002460;нет;Н/Х;Картина в раме Деревня Акварель;0;нет;30000;
Г;3002461;нет;Германия;Поднос Фарфор;0;нет;12000;
Е;3002462;нет;Европа;Чайник, сахарница, молочник, чашка с блюдцем;0;нет;24000;
З;3002464;нет;Зиновьева магазин С-Петербург;Чайник Фарфор Живопись;0;нет;12000;
З;3002466;нет;Зиновьева магазин;Сливочник Фарфор Живопись;0;нет;4800;
З;3002467;нет;Зиновьева магазин;Полоскательница Фарфор Живопись;0;нет;4000;
З;3002468;нет;Зиновьева магазин С-Петербург;Сахарница Фарфор Живопись;0;реставрация;4000;
З;3002469;нет;Зиновьева магазин С-Петербург;Чашка с блюдцем Живопись Фарфор;0;трещина;3000;
Р;3002470;нет;Россия;Тарелка с изображением семьи дворянской;0;разбитая пополам;6000;
Д;3004438;нет;Дмитровский завод;Чайная пара.;0;нет;4000;
Р;3002471;нет;Россия;Тарелка с изображением девушек с кувшинами;0;нет;6000;
Л;3002474;нет;ЛФЗ;Фигурки из квартета медведь и осёл с реставрацией;0;.;7000;
Л;3002475;нет;ЛФЗ;Фигурка девочка с платочком реставрация;0;.;2800;
Е;3002479;нет;Европа;Рамка для фото. Бронза. В стиле модерн. Размеры  внутр.14х21;0;.;30000;
Р;3002481;нет;Россия;Ваза для фруктов.Голубое стекло. Подставка-серебро 84 пробы;0;Стекло подобрано;32000;
Е;3002484;нет;Европа;Подсвечники парные в виде роз Бронза. Нач.20 века.;0;нет;32000;
Р;3002485;нет;Россия;Рамы для фото. Орех. Нач.20 века.;0;нет;34000;
Е;3002486;нет;Европа;Зеркало настенное в стиле модерн. Гипс.;0;нет;52000;
н;3002487;нет;неизвестен;Акварель в черной раме. Золотая осень на реке. н/х;0;нет;16000;
Л;3002488;нет;ЛФЗ;Фигурка мальчика с рыбкой.Фарфор.;0;нет;8000;
Р;3002490;нет;Россия без марки;Пепельница в виде слона.;0;трещина на боку у слона;4000;
К;3002491;нет;Кузнецов;Тарелка настенная с изображением сома в пруду идомик с деревом;0;нет;24000;
Л;3002493;нет;ЛФЗ;Тарелка  из кремлевского сервиза с гербом. Размер в диаметре 20 см.;0;.;7000;
Д;3003409;нет;Дулево;Фигурка Аленушка с сундуком и зеркальцем фарфор;0;в отличном состоянии;6000;
Р;3002500;нет;Россия;Иконка маленькая Казанская Божья Матерь в окладе сер.84 ;0;сохранность удовлетворительная;2800;
Р;3002501;нет;Россия;Икона Св.Митрофан Вороженский в окладе сер.84 и киот;0;.;64000;
Р;3002502;нет;Россия;Икона Илья Пророк живопись Палех.школы с рест. 19 век;0;.;126000;
Р;3002503;нет;Россия;Икона Божья Матерь живопись кон.19-нач.20 века;0;.;8000;
Е;3002504;нет;Европа;Подсвечники парные в виде башен на каменной подставке бронза 20 век;0;.;6000;
Р;3002505;нет;Россия;Подставки под столовые приборы фарфор ф-ка Гарднер 10шт. дефекты;0;.;9600;
Е;3002506;нет;Европа;Миниатюра на кости Женский портрет живопись в овальной рамке;0;.;6000;
;3002507;нет;;Статуэтка фигура военного на подставке шпиатр 20 век;0;.;18000;
н;3002508;нет;неизвестный художник;Картина Девочка в лесу живопись масло на дереве в раме нач.20 века ;0;.;18000;
Е;3002512;нет;Европа;Фигурка девушки по пояс с музыкальным предметом в стиле модерн бронза;0;.;28000;
Ю;3002514;нет;Ю.Ганф;Карикатура на Распутина акварель подпись Ю. Ганф. в рамке;0;.;9600;
К;3002518;нет;Кузнецов М.С.;Тарелка настенная Русский мужик фаянс живопись размер 30см;0;.;34800;
К;3002519;нет;Кузнецов М.С.;Тарелка настенная Французский мужик фаянс живопись размер 30см;0;.;34800;
М;3002524;нет;Мейсен;Блюдце с кленовыми листьями фарфор живопись;0;.;1600;
;3004256;нет;;Фигура шахтер, белье;0;нет;7600;
У;3002546;нет;Украина;Фигурка Матрос держит фотоаппарат фарфор;0;.;2000;
Л;3002548;нет;ЛФЗ;Фигурка Тигр с мясом кобальт фарфор;0;.;3600;
;3003003;нет;;Бюст Сталина бронза;0;.;2800;
К;3002557;нет;Конаково;Шкатулка с изображением Большого театра и парком фаянс;0;.;4800;
Л;3002560;нет;ЛФЗ;Фигурка Лев и заяц фарфор ;0;нет;6000;
У;3002561;нет;Украина;Фигурка матрос с фотоаппаратом фарфор;0;нет;1800;
Р;3002562;нет;Россия;Сейф  Братья  Рогожины  металл. с  ключом;0;.;12000;
Г;3002568;нет;Гжель;Фигура Богатырь русский с доспехами 20-е годы керамика;0;.;70000;
Р;3002573;нет;Россия;Блюдца с цветочным орнаментом фарфор деколь без марки 7шт.;0;.;4200;
Е;3002577;нет;Европа;Подставка под десертные ножи с фигуркой клоуна металл;0;нет одного ножа;16000;
У;3002581;нет;Украина;Фигурка Фигуристка фарфор;0;.;2400;
Е;3002585;нет;Еворопа;Чернильница квадратная хрусталь крышка серебро 935 и эмаль роз.с деф.;0;.;3600;
Р;3002597;нет;Россия;Запонки серебро 875 и аметист;0;.;1200;
Д;3004350;нет;Дулево;Фигурка. Аленушка с сундучком. фарфор 1956г.;0;.;6000;
B;3004297;нет;Bailly;Картина в раме. Холст, масло;0;нет;50000;
Р;3002611;нет;Россия;Икона с изобр.Георгия Победоносца на металле;0;нет;14600;
Е;3002618;нет;Европа;Камея на ракушке в мет.оправе;0;нет;26000;
А;3003281;нет;Австрия;Ваза Фарфор Деколь;0;нет;30000;
А;3002633;нет;Англия;Часы  каминные  в деревянном  корпусе. ;0;.;80000;
Г;3004486;нет;Германия;Композиция: карета с лошадьми ,кучерами,дамами.Фарфор,белье.;0;нет;120000;
;3002652;нет;;Фигура Ярмак чугун без клейма 20 век;0;.;16000;
;3002653;нет;;Фигура Афродита чугун без клейма 20 век;0;.;9800;
К;3002659;нет;Кузнецов ф-ка;Тарелка с гербом Москвы фаянс голубого цвета;0;.;16000;
В;3002660;нет;Воронцов;Тарелка с изображением памятника Александру I фанс Англия;0;.;12000;
Н;3002668;нет;Норблин;Ваза для фруктов латунь, посеребрение , стекло;0;.;15000;
Р;3002677;нет;Россия;Финифть Трое Святых кон.19 века;0;.;6000;
Р;3002678;нет;Россия;Финифть Св.Матвей кон.19 века;0;нет;11200;
Р;3002679;нет;Россия;Финифть Мученица Матрена кон.19 века;0;.;9600;
Р;3003959;нет;Россия;Икона.Господь в окладе серебро 1859г. с венцом 27см* 32см;0;.;60000;
Н;3002684;нет;Нижегородский трест;Тарелки столовые фарфор деколь ф-ка в Волхове 6 шт.;0;.;8000;
;3002686;нет;;Фигура Олень на подставке бронза мрамор 20 век;0;.;12000;
;3002687;нет;;Фигура Богиня красоты ;0;.;7600;
;3002688;нет;;Фигура Богиня благополучия совр.работы;0;.;7600;
В;3002716;нет;Вербилки;Мальчик с мячом. Фигурка. Фарфор.;0;нет;2000;
Г;3002717;нет;Городница;Девушка с голубем. Фигурка. Фарфор.;0;нет;4000;
К;3002719;нет;Конаково;Бык. Фигурка. Фаянс. ;0;нет;9600;
Л;3002722;нет;ЛФЗ;Танцор и плясунья. Фигурка. Фарфор.;0;реставрация пальцев у танцора ;4000;
Л;3002723;нет;ЛФЗ;Мальчик с рыбкой. Фигурка. Фарфор.;0;нет;7200;
У;3002727;нет;Украина;Фигуристка на отдыхе. Фигурка. Старый Киев.;0;нет;2000;
Л;3002730;нет;ЛФЗ;Гадание на ромашке. Фигурка. Фарфор.;0;реставрация ромашки;4800;
В;3002732;нет;Вербилки;Бегемот красный. Фигурка. Фарфор.;0;.;2880;
Р;3002734;нет;Россия;Крокодил. Фигурка. Керамика.;0;.;2400;
;3002738;нет;;Танцующие вприсядку украинцы. Фигурка. Фарфор.;0;.;960;
К;3002739;нет;Кузнецов;Кувшин для напитков. Фарфор.;0;нет;7200;
К;3002741;нет;Конаково;Пепельница с фигурой гуся. Фаянс.;0;нет;4800;
Ч;3002745;нет;Чудово;Тарелка с надписью *всенарпит*;0;нет;2000;
Ч;3002746;нет;Чудово;Тарелка с надписью *всенарпит*;0;.;2000;
К;3002754;нет;Коростень;Бабушка-веселушка в желтом сарафане.Фигурка. Фарфор.;0;нет;2000;
Л;3002759;нет;ЛФЗ;Фигурка Штукатурщица фарфор;0;реставрация;28800;
;3002761;нет;;Фигурка.Буратино на черепахе керамика;0;реставрация;4800;
Т;3002766;нет;Ташкент;Фигурка. Девушка с книгой фарфор;0;реставрация;7200;
Л;3002770;нет;ЛЗФИ;Шкатулка с девочкой в оранжевом платочке фарфор;0;.;3000;
Р;3002772;нет;Россия;Подстаканник скань металл;0;нет;600;
Р;3002773;нет;Россия;Подстаканник металл;0;нет;600;
;3002777;нет;;Лопатка латунь, перламутр;0;.;4000;
Р;3002778;нет;Россия;Яйцо пасхальное стекло, живопись;0;.;4000;
Р;3002779;нет;Россия;Яйцо пасхальное стекло живопись;0;.;3200;
;3002791;нет;;Статуэтка Рыбак с трезубцем кость Восток 16см;0;нет;20000;
;3002792;нет;;Статуэтка Восточный божок с посохом кость на подствке 14см;0;.;18000;
;3002793;нет;;Статуэтка Восточная женщина с корзиной цветов кость 18см;0;.;20000;
;3002795;нет;;Статуэтка Восточная девочка кость на подставке 12см;0;.;9800;
Е;3002798;нет;Европа. Германия?;Попугай. Фигура.Фарфор.;0;нет;18000;
Л;3002802;нет;ЛФЗ;Кувшин Вишня фарфор 50-ые года;0;.;3200;
Г;3002803;нет;Германия;Лампа настольная с фигурами кавалера и двух дам, фаянс, без абажура;0;.;160000;
Е;3002806;нет;Европа;Гобелен  кон.19 века ;0;средней сохранности;16000;
Д;3002807;нет;Дыдыкин Н.;Бюст Сталин терракота 30-ыег.г.;0;нет;12000;
Р;3002808;нет;Россия;Бюст Тургенев фарфор;0;.;2000;
Р;3002809;нет;Россия;Бюст Л.Н.Толстой силумин, на каменной подставке;0;.;3600;
Р;3002811;нет;Россия;Бюст Пушкин металл;0;.;7600;
Р;3002812;нет;Россия;Бюст Высоцкий ;0;.;8000;
Р;3002814;нет;Россия;Бюст Горький силумин;0;.;2600;
К;3002816;нет;Конаково;Графин фаянс, ф-ка Конаково;0;. дефект, трещина;4000;
;3002819;нет;;Бюст Бетховен чугун авт. Ю.Кун;0;.;12000;
О;3002824;нет;Олейнников;Таз для варенья с ручкой ф-ка Олейнникова Москва латунь;0;.;3000;
;3002832;нет;;Нэцке Старец с веером кость;0;.;13400;
Р;3002838;нет;Россия;Икона Владимирская б.м. в окладе серебро 84 пробы;0;.;54000;
Р;3002839;нет;Россия;Икона Всем скорбящим радости ;0;.;11000;
Р;3002843;нет;Россия;Икона Праздники;0;.;48000;
Р;3002845;нет;Россия;Фигурка снегурочка фарфор /рука рест./;0;.;1600;
Д;3002846;нет;Дулево;Фигурка дама с чайником;0;.;1200;
;3002849;нет;;Шкатулка. Дулево.;0;нет;5600;
Р;3002860;нет;Россия;Портсигар с изображением мишек в лесу.Металл.;0;.;2000;
Р;3002861;нет;Россия;Фигура Пионеры, играющие в шашки, цинковый сплав;0;фигурки шашек отсутствуют;23800;
Л;3002862;нет;ЛФЗ;ФИГУРКА НОЗДРЁВ бисквит;0;.;12000;
С;3002865;нет;Севр;Тарелка с изображением дамы Подпись-l. Fournier;0;нет;40000;
Г;3002869;нет;Гжель;Фигурка Воробьи Гжель;0;.;3000;
Г;3002870;нет;Гжель;Фигурка Аленушка с козленком Гжель;0;.;4400;
Г;3002871;нет;Гжель;Фигурка Иван-царевич с лягушкой;0;.;4400;
Г;3002876;нет;Гжель;Фигурка Жеребенок Гжель;0;.;1600;
;3002878;нет;;Шкатулка в виде стеклянного яйца в латунной оплетке;0;нет;9000;
Р;3002884;нет;Россия;Икона Феодосия Пророчица. 19 век;0;нет;7000;
Е;3002886;нет;Европа;Футляр для хранения свитков на подставке. Дерево, материал.;0;нет;11000;
Г;3002887;нет;Гжель;Фигурка Конькобежка глина ;0;.;6000;
К;3002888;нет;Конаково;Фигурка Белорусская девушка вышивает фанс;0;реставрация;4600;
Р;3002895;нет;Россия;Вазочка  на ножке из серебра. Верх-хрусталь совр.работы;0;нет;24000;
Р;3002898;нет;Россия;Складень 4-х створчатый бронза ;0;лики стерты;16000;
К;3002899;нет;Кузнецов И.Е. ф-ка;Молочник Фарфор ;0;без крышки;1200;
Р;3002900;нет;Россия;Кошелек из бисера 1910г.;0;.;2000;
Е;3002904;нет;Европа;Часы мужские наручные ф-ма Revue в мет.корпусе;0;.;8400;
;3002908;нет;;Вазы декоративные из матового стекла с латун.ободком парные;0;в хорошей сохранности;20000;
;3002909;нет;;Ваза для фруктов из розового стекла с изображением бабочек и цветов;0;.;6000;
Р;3002910;нет;Россия;Кружка напейся-не облейся с крышкой фаянс сов. периода ;0;.;2000;
Е;3002914;нет;Европа;Тарелка с изображением цветов фаянс;0;.;3000;
Е;3002915;нет;Европа;Тарелка с изображением цветов фаянс;0;.;3000;
Е;3002916;нет;Европа;Тарелка с изображением цветов фаянс;0;.;3000;
Е;3002917;нет;Европа;Тарелка с изображением Цветов фаянс;0;.;3000;
Р;3002929;нет;Россия;Часы карманные Павел Буре металл в дер.подчаснике;0;.;8000;
;3002934;нет;;Миниатюрный муж.портрет.резьба по камню рамка серебро;0;.;16000;
;3002935;нет;;Античный портрет .резьбапо кости сер.19 века;0;.;16000;
М;3002936;нет;Москва;Рекламная пепельница-печать в виде куска мыла т-во Брокар нач.20 века;0;.;10000;
Р;3002938;нет;Россия;Молочник медь серебрение сер.19 века ;0;.;14000;
Р;3002940;нет;Россия;Лоток Родин 1918г. роспись на белье ф-ка М.С. Кузнецов;0;.;10000;
;3002941;нет;;Салатник Севрской мануфактуры 18 век. ;0;.;18000;
Р;3002942;нет;Россия;Тарелка Перепёлка ф-ки князя Юсупова в Архангельском;0;.;80000;
Е;3002943;нет;Европа;Литография раскрашенная акварель Битва 1-я пол.19 века подпись автора;0;.;16000;
Д;3002944;нет;Давыдов И.Т.;Картина Пейзаж с путниками Авт.Давыдов сер.19 века холст масло;0;.;70000;
К;3002945;нет;Кузнецов;Перечница в виде мальчика в шляпе;0;нет;4800;
К;3002967;нет;Куринов;Чашка с блюдцем фарфор, позолота;0;позолота потерта;9000;
П;3002968;нет;Попов;Молочник фарфор;0;неб. трещина по глазури;10000;
;3002969;нет;;Икорница фарфор живопись без марки;0;.;8000;
Е;3002974;нет;Европа;Подставка для бумаг и писем бронза;0;.;18000;
Е;3002975;нет;Европа;Лампа с абажуром стекло в стиле модерн ;0;очень красивый абажур;26000;
Е;3002983;нет;Европа;Бронзовая композиция Два мальчика собирают виноград;0;.;36000;
Л;3002991;нет;ЛЗФИ;Фигурка Лиса очень изящная сидит фарфор;0;реставрация;4600;
К;3002993;нет;Конаково;Шкатулка на крышке дубовые листья фаянс;0;.;4000;
М;3002994;нет;Москва;Набор подставок под столовые приборы в коробке 10 шт. розовое стекло кон.19 века;0;.;5600;
Е;3002996;нет;Европа;Чайник  металл посеребренние;0;.;30000;
Е;3002997;нет;Европа;Пейзаж, живопись на картоне , в овальном рамке;0;.;3600;
;3003001;нет;;Портрет пожилого мужчины в раме бумага карандаш подпись неразборчива;0;.;4000;
;3003002;нет;;Портрет обнаженной девушки в раме с дарственной надписью;0;.;6000;
;3003005;нет;;Икона Знамение бронза кон.19 нач.20 века;0;.;2800;
К;3003009;нет;Кузнецов;Доска сырная , фаянс;0;. скол;3600;
Р;3003015;нет;Россия;Икона  Боголюбская Пр. Бцы;0;.;12000;
;3003018;нет;;Бюст, бисквит, Верди, на деревянной подставке;0;.;7000;
;3003019;нет;;Бюст, бисквит,Моцарт, на деревянной подставке;0;.;7000;
Р;3003020;нет;Россия;Фигурка девушка с корзиной, фарфор, 14см;0;.;4000;
Р;3003021;нет;Россия;Фигура, сидящей девушки, глина;0;.;7000;
А;3003022;нет;Англия;Ведерко с крышкой бисквит ф-ма Веджвуд;0;.;15200;
Л;3003030;нет;ЛФЗ;Фигурка. Буревестник. М.Горький бисвит;0;.;3600;
;3003035;нет;;Портрет В.И.Ленина в раме 74см X90см 50-ые годы без подписи автора;0;небольшие дефекты на холсте;18000;
;3003036;нет;;Портрет министра обороны СССР Язова. холст масло 65смX80см без подписи;0;.;48000;
Р;3003046;нет;Россия;Ступа с пестом бронза;0;.;9000;
Р;3003047;нет;Россия;Икона .Божья Матерь в окладе сер.84 1874г. 7смx9см;0;нет;7000;
Е;3003057;нет;Европа ;Поставки под столовые приборы. Металл. 4 штуки.;0;нет;3000;
К;3003058;нет;Кузнецов;Тарелка с жанровыми сценами. Деколь.;0;нет;8000;
К;3003061;нет;Кузнецов.;Тарелка с жанровыми сценами.Деколь.;0;нет;8000;
Р;3003062;нет;Россия;Складень 4-ех створчатый, эмаль, бронза;0;.;20000;
Р;3003068;нет;Рига;Фигурка. Танцующие маленькие дети из Прибалтики.фарфор;0;.;3600;
У;3003070;нет;Украина;Фигурка. Танцор с разведенными руками. фарфор;0;.;480;
б;3003072;нет;без марки;Фигурка. Девушка с полотенцем на плече в голубом купальнике. фарфор;0;.;1800;
Л;3003075;нет;ЛФЗ;Фигурка. Белый медведь на льдине. фарфор;0;.;2400;
Л;3003076;нет;ЛЗФИ;Фигурка. Собачка по кличке Манюня на кубе. фарфор;0;.;5400;
К;3003077;нет;Коростень;Фигурка. Певица и гармонист. фарфор;0;.;6800;
Р;3003079;нет;Рига;Букенды. Девушки в национальных костюмах.фарфор;0;.;18000;
Л;3003083;нет;ЛФЗ;Фигурка. Девочка в школьной форме и с портфелем. фарфор;0;реставрация;10200;
Р;3003084;нет;Рига;Фигурка. Лиго( певец с девушкой) .фарфор;0;реставрация;6800;
Т;3003086;нет;Ташкент;Фигурка. Восточная девочка кормит утят. фарфор;0;реставрация;14000;
Л;3003087;нет;ЛФЗ;Фигурка Вакула на черте, фарфор;0;.реставрация;14400;
Р;3003093;нет;Россия;Фигура композитора Шопена на подставке.Силумин;0;нет;8000;
Р;3003094;нет;Россия;Бюстик М.Горького.Чугун.;0;нет;960;
Р;3003095;нет;Россия;Графин под водочку с серебряным ободком 875 пробы;0;нет;16000;
К;3003096;нет;Кузнецов;Чайная пара Позолота стерта.;0;нет;2000;
Л;3003101;нет;ЛФЗ;Фигурка. Девочка японка вышивает. фарфор;0;.;12000;
Т;3003103;нет;Тула;Самовар форма репка высота 28см латунь;0;нет крышки;20000;
В;3003104;нет;Вьетнам;Ваза для цветов Керамика;0;нет;4000;
Г;3003111;нет;Гжель;Фигурка старика с рыбкой.;0;нет;2000;
Г;3003120;нет;Гжель;Фигурка Купальщица Гжель;0;.;1200;
Д;3003125;нет;Дулево;Фигурка Девушка /Москва фестиваль 1985/ , фарфор;0;.;300;
Д;3003126;нет;Дулево;Фигурка Девушка в кокошнике, фарфор;0;.;300;
Л;3003129;нет;ЛФЗ;Бюст Чайковский бисквит;0;.;400;
Г;3003130;нет;Гжель;Фигурка Цыпленок. Гжель;0;.;800;
Л;3003132;нет;ЛФЗ;Фигурка Птичка, фарфор;0;.;600;
К;3003133;нет;Конаково;Фигурка Куница, фаянс;0;.;1000;
Д;3003134;нет;Дулево;Фигурка Девушка в сарафане, фарфор;0;.;1600;
Р;3003136;нет;Россия;Вазочка фаянс;0;.неб.скол;1000;
Р;3003140;нет;Россия;Икона. Моление о чаше.Конец 18- нач.19 века.;0;нет;148000;
К;3003141;нет;Копенгаген;Пепельница с изображением рака, фарфор;0;.;12000;
К;3003142;нет;Копенгаген;Тарелки с иллюстрациями к сказкам Андерсена, фарфор 6шт.;0;.;18000;
Е;3003143;нет;Европа;Тарелка многослойное стекло, с бабочками;0;.;10000;
Ф;3003144;нет;Франция;Часы настольные 44см на 20,  мрамор,циферблат фарфор, бронза,латунь;0;.на циферблате трещина;50000;
;3003146;нет;;Пуговицы стекло, перламутр, 5 шт.;0;. 1 пуговица со сколом;2400;
;3003162;нет;;Бюст  В.И. Ленина  металл;0;.;2000;
У;3003172;нет;Украина;Фигурка матросика;0;нет;1000;
н;3003181;нет;н/х ;Картина.Пейзаж. Летний день. Подпись Борисова-Борейко. х/м;0;написана картина в начале 70-х годов. без атрибуции;70000;
б;3003183;нет;без марки;Чашка с блюдцем. На память. ручка на чашке и крышке в виде топора;0;в отличном состоянии;24000;
И;3003184;нет;ИФЗ;Тарелка с фруктами фарфор живопись ;0;реставрация;16000;
П;3003204;нет;Песочное;Фигурка. Филипок. бисквит;0;.;4800;
У;3003208;нет;Украина;Фигурка. Буденовец. фарфор;0;.;400;
Л;3003214;нет;ЛФЗ;Фигурка. Балерина на отдыхе.фарфор;0;в отличной сохранности;24000;
Л;3003215;нет;ЛФЗ;Фигурка. Дебют. фарфор;0;.;20000;
К;3003216;нет;Конаково;Фигурка. Ветерок.;0;.;12000;
К;3003217;нет;Кузнецов;Чайная  пара. Кузнецов;0;дефект;800;
;3003218;нет;;Перечница, стекло ,металл;0;скол;1200;
К;3003219;нет;Корниловы;Блюдо круглое 35см фарфор живопись;0;небольшие утраты по живописи;8000;
Б;3003220;нет;Бавария;Тарелка  28см фарфор живопись ;0;.;1600;
Г;3003231;нет;Германия;Чашка с блюдцем кофейная фарфор деколь;0;.;1600;
Б;3003232;нет;Бавария;Блюдце кофейное фарфор;0;.;200;
Г;3003236;нет;Германия;Пепельница фарфор;0;.;300;
Р;3003239;нет;Россия;Стаканчик матовое стекло и букетик живопись;0;.;800;
К;3003244;нет;Крупп;Лопатка для торта металл ;0;.;1800;
Е;3003251;нет;Европа;Миниатюра на фарфоре. Женский портрет. в рамке.;0;.;2400;
М;3003254;нет;Москва;Коробка. Соломка т-во А.И.Абрикосова ;0;.;800;
;3003265;нет;;Фигурка. Казачок. фарфор;0;.;1600;
Р;3003274;нет;Россия;Икона с изображением Преп.Сергия, Ангела Хранителя, Марии, Вседержителя;0;есть дефекты;18000;
Р;3003276;нет;Россия;Икона. Прокопий и Иоанн Устюжские. нач.19 века;0;без реставрации;40000;
Р;3003278;нет;Россия;Икона. Сергий и Герман  Вааламские чудотворцы с видом Монастыря кон.19в.;0;без реставрации;40000;
Р;3003279;нет;Россия;Икона. Тихон  Калужский с видом Тихонова Пустакон. 19в.;0;без реставрации;56000;
Л;3003283;нет;Лемож;Тарелка с изображением девушек  с серпом. Фарфор.;0;нет;13400;
Л;3003284;нет;Лемож;Тарелка с цветами. Фарфор.;0;нет;12000;
Л;3003286;нет;ЛФЗ;Фигурка. Читающие матросы. фарфор;0;.;24000;
Р;3003287;нет;Россия;Штоф мал. стекло;0;.;2800;
Л;3003294;нет;ЛФЗ;Фигурки. Серия Гоголевских персонажей. 9шт. фарфор;0;в отличном виде;240000;
К;3003296;нет;Конаково;Фигура жницы. Фаянс. авт. М.Холодная.30- годы.;0;.;75000;
Д;3003297;нет;Дулево;Фигура обнаженной девушки с накидкой.;0;.;15000;
Р;3003304;нет;Россия;Часы настольные бронза камень совр.работы;0;в рабочем состоянии;80000;
Р;3003311;нет;Россия;Финифть Богоматерь;0;.;1200;
Д;3003312;нет;Дулево;Фигурка фарфор Русская пара;0;.;9800;
Р;3003314;нет;Россия;Фигурка петух керамика;0;.;4000;
Г;3003318;нет;Гарднер?;Чайная пара с изобр.цветов. Живопись.;0;нет;30000;
Б;3003319;нет;Бормин;Чайная пара розового цвета с цветочками. Живопись.;0;нет;10000;
Л;3003331;нет;ЛФЗ;Фигурка Медвежата чернильница фарфор;0;без чернильницы;3600;
Е;3003338;нет;Европа;Фигурка Олень с олененком бронза;0;.;4000;
К;3003345;нет;Китай;Чашка с блюдцем фарфор;0;.;3600;
К;3003346;нет;Китай;Чашка с блюдцем фарфор;0;.;3600;
К;3003347;нет;Китай;Чашка с блюдцем фарфор;0;.;3600;
К;3003348;нет;Китай;Чашка с блюдцем фарфор;0;.;2400;
К;3003349;нет;Китай;Чашка с блюдцем фарфор;0;.;2400;
К;3003350;нет;Китай;Чашка с блюдцем фарфор;0;.;2400;
Е;3003351;нет;Европа;Портрет мужчины на картоне акварель в бронзовой рамке с цепочкой;0;без подписи;5600;
;3003353;нет;;Пепельница в виде плетёной корзинке с ручками бронза 19 век;0;.;1600;
Р;3003359;нет;Россия;Рама внутренний размер 108х72 внешний 122х86;0;.;8000;
Е;3003369;нет;Европа;Лоток бисквит, с изображением танцующей пары;0;. скол;3000;
Е;3003370;нет;Европа;Лоток бисквит, с изображением музыкантов;0;. скол;3000;
;3003374;нет;;Картина.Роща. подпись А.Лавров холст масло 1891г.;0;.;14000;
;3003375;нет;;Натюморт с тыквой и фруктами холст масло зап.Европа кон.18 века;0;.;70000;
И;3003376;нет;Италия;Мраморный бюст девушки 19 века;0;.;36000;
Л;3003377;нет;ЛФЗ;Бюст А.С.Пушкина бисквит 1930-40 г;0;.;8000;
И;3003378;нет;ИФЗ;Тарелка с птицей фарфор живопись ЕII ;0;реставрация;30000;
Е;3003379;нет;Европа;Тарелка с мальчиками-путти автор E. Z. 1877г.;0;.;12000;
Е;3003382;нет;Европа;Ароматница еврейская ;0;нет;13400;
Г;3003384;нет;Германия;Блюдо из луковичного сервиза фарфор Мейсен;0;.;6000;
Е;3003385;нет;Европа;Фигура.Парис хранитель домашнего тепла, уюта и благополучия. крашенная керамика.;0;.;18000;
 ;3003389;нет; Германия;Шкатулка  Мейсен   1930-50;0;.;16800;
С;3003390;нет;СССР;Каска пожарная 20-годов 20 века;0;нет;10000;
Р;3003397;нет;Россия;Фигура Ленин, читающий книгу. силумин авт.Завалов;0;.;6000;
Е;3003398;нет;Европа;Ваза для фруктов с тремя девушками, Фарфор.;0;нет;14000;
т;3003399;нет;типа Мейсен;Фигура мальчика с бубном. Фарфор.;0;нет;8000;
Р;3003400;нет;Россия;Тарелка   стекло   кон.19 в.  ;0;.;6000;
Г;3003401;нет;Германия ;Чайник  ,посеребренние;0;дефект;6000;
К;3003408;нет;Конаково;Сухарница с дубовыми листьями фаянс сов.период;0;в хорошей сохранности;4000;
Г;3003422;нет;Гарднер/ в тесте/;Тарелка. Фарфор.Изобр. розы.;0;нет;26000;
К;3003424;нет;Конаково;Фигурка. Лиса и несёт петуха. фаянс;0;реставрация;8400;
;3003426;нет;;Фигурка.Сидящий матрос с гитарой. бисквит;0;реставрирован гриф у гитары;6000;
В;3003428;нет;Вербилки;Фигурка. Индус. фарфор;0;.;6000;
Л;3003429;нет;ЛФЗ;Фигурка. Медведь стоит рядом с пнем(чернильница). фарфор;0;.;18000;
Л;3003431;нет;ЛФЗ;Фигурка. Лежащий медведь держит в лапах соты. фарфор;0;.;3600;
У;3003434;нет;Украина;Фигурка. Будёновец с барабаном. фарфор;0;.;1600;
Л;3003436;нет;ЛФЗ;Фигурка. Мальчик с лошадкой. фарфор;0;реставрация;4800;
Р;3003442;нет;Рига;Фигурка. Дети поют и танцуют. фарфор;0;реставрация;2000;
;3003445;нет;;Фигура. Амур бог любви со стрелами. бронза 75см 1950-ые годы ;0;.;68000;
;3003446;нет;;Фигура. Диана- богиня охоты. бронза 75см 1950-ые год.;0;.;68000;
Г;3003465;нет;Гарднер ф-ка;Бокал с коралловой ручкой фарфор живопись ;0;.;12000;
K;3003472;нет;KPM;Чайная пара. Фарфор. Деколь.;0;нет;2000;
C;3003474;нет;Comte Harrach st. Petersbourg;Сервиз на подносе. Эгоист. Деколь.Фарфор.;0;нет;120000;
Г;3003488;нет;Германия;Фигура Фридриха Великого. Фарфор. Белье.;0;производственный брак-трещина на основании;10000;
К;3003491;нет;Кузнецов ф-ка;Кашпо на ножках с дубовыми листьями фаянс;0;.;12000;
К;3003510;нет;Кузнецов;Тарелка фарфор;0;.;2400;
К;3003511;нет;Кузнецов;Тарелка фарфор;0;.;2400;
К;3003512;нет;Кузнецов;Тарелка фарфор;0;.;2400;
Р;3003514;нет;Россия;Икона. Господь Вседержитель. 19 век. Петербург.;0;нет;39000;
Д;3003522;нет;Дулево;Тарелка с Российским гербом фарфор;0;.;3000;
;3003525;нет;;Фигурки. На катке 4 фигуры. фарфор;0;.;8000;
С;3003528;нет;Сысерть;Фигурка. Курочка ряба. фарфор;0;.;10400;
К;3003531;нет;Краснодар;Фигурка. Парусник и спортмен. фарфор;0;реставрация;2400;
Л;3003533;нет;ЛЗФИ;Фигурка. Маленький принц из сказки. фарфор ;0;реставрация;10000;
Л;3003534;нет;ЛФЗ;Фигурка. Мальчик с кошкой.фарфор;0;реставрация;30000;
Л;3003535;нет;ЛФЗ;Фигурка. Узбечка заплетает косу. фарфор;0;реставрация;5000;
В;3003536;нет;Вербилки;Фигурка. Белка и Стрелка. фарфор;0;реставрация;4000;
К;3003537;нет;Конаково;Фигурка. Собака с ёжиком. фаянс;0;реставрация;2000;
Л;3003541;нет;ЛФЗ;Фигурка.Козёл из квартета. фарфор;0;реставрация;4000;
;3003542;нет;;Фигурка. Подставки под яйца хоровод. 6шт. фарфор;0;.;6000;
Л;3003549;нет;ЛФЗ;Фигурка. Мишки-чернильница. фарфор;0;.;3200;
Е;3003551;нет;Европа;Сухарница с изобр. роз. Деколь. Фарфор.;0;нет;3000;
Р;3003554;нет;Россия;Икона Всем Скорбящим Радости;0;.;16000;
;3003557;нет;;Графин стекло;0;нет;6000;
Р;3003558;нет;Россия;Финифть Образ Святой Елизаветы;0;трещина;6000;
М;3003559;нет;Москва;Ёлочные игрушки шар красный 200;0;.;200;
М;3003562;нет;Москва;Ёлочная игр.самовар 240;0;.;240;
Д;3003571;нет;Дания;Телефон настенный деревянный Джидиск 1898г.;0;в рабочем состоянии;54000;
Р;3003574;нет;Россия;Ел.игр.: ватная кукла-1400, девочка в шубке-540, кор.5-600;0;нет;2540;
Р;3003575;нет;Россия;Складень 3-х створчатый Вседержитель Иоанн Креститель Божья Матерь бронза;0;в хорошей сохранности;24000;
Р;3003576;нет;Россия;Крест бронза эмаль;0;.;6000;
Р;3003577;нет;Россия;Икона Николай Чудотворец бронза;0;.;6000;
;3003587;нет;;Флакон стекло акц. об-во К.Эрманс;0;.;4800;
;3003588;нет;;Флакон стекло акц. об-во К.Эрманс;0;.;4800;
;3003589;нет;;Молочник стекло;0;. неб.скол;2400;
Д;3003594;нет;Дулево;Фигурка Девушка с чайником фарфор;0;.;800;
Г;3003601;нет;Германия;Конфетница. Серебро. Стекло. Вес серебра 280 г. 800.;0;сколы на стекле;36000;
Л;3003605;нет;ЛФЗ;Фигурка Девочка с букетиком фарфор;0;реставрация;4800;
Г;3003610;нет;Гжель;Фигура. Иван-Царевич на сером волке. Фарфор.;0;нет;8000;
Т;3003627;нет;Тула;Самовар в форме шара, латунь;0;.;50000;
Р;3003637;нет;Россия;Мишка. Фарфор. Олимпиада.;0;нет;200;
;3003639;нет;;Пенсне в футляре;0;.;1600;
Е;3003673;нет;Европа;Барометр с градусником.;0;.;8000;
К;3003676;нет;Кузнецов ф-ка;Вазочка для цветов с ручками. фарфор деколь;0;.;28000;
С;3003677;нет;СССР;Ваза для фруктов. Фаянс.;0;нет;2000;
Р;3003680;нет;Россия;Камея из ракушки в оправе из серебра 875 пробы;0;нет;8000;
К;3003690;нет;КРМ;Чашка с блюдцем и крышкой кофейная фарфор Германия;0;.;4800;
Л;3003691;нет;ЛФЗ;Фигурка. Фигуристка.фарфор ;0;.;3600;
У;3003696;нет;Украина;Фигурка.Свинарка с поросятами . фарфор 30-ые годы;0;реставрация на ухе;14000;
Е;3003700;нет;Европа;Картина. Парусник в ночи. холст масло 85см-58см неиз.худ.;0;в раме;70000;
Р;3003701;нет;Россия;Ладья хрусталь, серебро 875 пробы;0;.;2400;
К;3003710;нет;Конаково;Фигурка. Пеликан. фаянс;0;.;4800;
;3003711;нет;;Фигурка. Медведь лежит. керамика;0;.;1800;
Л;3003713;нет;ЛФЗ;Фигурка. Медвежонок маленький стоит на задних лапах. фарфор довоенный;0;.;2400;
Л;3003716;нет;ЛФЗ;Фигурка. Купальщица в желтой шапочке. фарфор;0;.;1400;
К;3003718;нет;Конаково;Пепельница. Листок на ней сидит улитка. фаянс;0;.;3200;
К;3003719;нет;Конаково;Фигурка. Воробьи сидят на ветке. фаянс;0;реставрация;4400;
Г;3003727;нет;Городница;Фигурка. Собака. фарфор;0;.;1200;
Л;3003728;нет;ЛФЗ;Фигурка. Волк воет. фарфор довоенный;0;реставрация;12800;
М;3003730;нет;Мейсен;Ваза с ручками ввиде змей. фарфор живопись позолота;0;скол;60000;
;3003739;нет;;Лампа настольная с зеленым абажуром;0;.;24000;
Ф;3003740;нет;Франция;Лорнет бронза с разноцветным перламутром в чехле;0;в отличной сохранности;8000;
Л;3003741;нет;ЛФЗ;Фигурка. Бобчинский и Добчинский .фарфор;0;.;20000;
;3003742;нет;;Нож для разрезки бумаг кость;0;.;2000;
;3003744;нет;;Бюст Дзержинского металл;0;.;2800;
Р;3003747;нет;Россия;Колокол с надписью  и маленькими орлами. металл;0;.;6000;
В;3003750;нет;Вербилки;Фигурка.Девочка с кроликом. фарфор;0;.;8000;
В;3003755;нет;Вербилки;Карандашница. Спортсмен. фарфор;0;.;8400;
В;3003757;нет;Вербилки;Фигурка. иван с лягушкой. фарфор;0;.;21400;
Т;3003759;нет;Ташкент;Фигурка. Узбечка вышивает. фарфор;0;реставрация;12400;
Д;3003761;нет;Дулево;Фигурка. Узбек с бубном. фарфор;0;.;3600;
К;3003762;нет;Конаково;Фигурка. Козёл. фарфор;0;.;2400;
Л;3003763;нет;ЛФЗ;Фигурка. Футболист с мячом. фарфор;0;.;10800;
Р;3003765;нет;Россия;Икона Божья Матерь в окладе сер.84 размер 5.5см*6.5см;0;.;4200;
Е;3003766;нет;Европа;Бульотница  ,латунь;0;.;9800;
Г;3003768;нет;Германия;Фигурка. Мальчик сидит с букетиком.фарфор;0;.;1800;
;3003773;нет;;Чайная пара  Мейсен;0;.;48000;
;3003774;нет;;Вазочка  вен. стекло  ;0;.;7800;
В;3003775;нет;Вена;Ваза  фарфор  деколь;0;скол;4800;
Р;3003779;нет;Россия.;Кувшин. Гарднер.;0;-;14000;
;3003781;нет;;Кувшин.;0;Стекло.;24000;
К;3003782;нет;Кузнецов  ;Набор  для специй  фарфор  ;0;.;7600;
Ч;3003783;нет;Чудово;Кувшин  фарфор  деколь;0;на крышке скол;4800;
Р;3003790;нет;Россия;Бюст Л.Н. Толстой 1967г.;0;.;3600;
Р;3003801;нет;Россия;Подставки под столовые приборы стекло 20 век 10шт.;0;.;1600;
М;3003806;нет;Москва;Солонка хрусталь;0;.;100;
Г;3003815;нет;Германия;Фигурка Сорока фарфор;0;.;2800;
Р;3003816;нет;Россия;Подсвечник бронза ;0;.;10000;
М;3003818;нет;Москва;Крюшонница  с крышкой хрусталь;0;скол;12000;
М;3003819;нет;Москва;Кувшин с 2-мя стаканами хрусталь;0;.;12000;
;3003824;нет;;Часы карманные в метал.корпусе,на ходу, в коробке;0;.;4000;
Л;3003825;нет;ЛФЗ;Фигурка  Балерина  фарфор;0;.;2800;
К;3003826;нет;Конаково;Шкатулка фаянс с видом б-ки им.Ленина;0;.;3600;
Л;3003827;нет;ЛФЗ;Фигурка сидящей девушки с ромашкой;0;реставрация.;4000;
Л;3003830;нет;ЛФЗ;Фигурка. Пушкин с пером. фарфор;0;.;2400;
Р;3003834;нет;Россия;Рюмочки стекло 2шт.;0;.;320;
;3003837;нет;;Подставка под яйцо фарфор;0;трещина;1800;
Д;3003840;нет;Дрезден;Комплект поднос чайник сахарница молочник 4 чашки и 2 блюдца фарфор;0;нет крышки;12000;
Д;3003841;нет;Дрезден;Тарки глубокие 5 шт. фарфор живопись;0;.;5000;
Д;3003842;нет;Дрезден;Тарелки под второе 6 шт. фарфор живопись;0;на одной тарелке скол;6000;
Е;3003845;нет;Европа;Подсвечники парные бронза фарфор ;0;скол;40000;
П;3003847;нет;Попов;Тарелка живопись,фарфор;0;.;48000;
Р;3003852;нет;Россия, Гжель?;Фигура Чкалова. Глина.;0;нет;32000;
;3003853;нет;;Поднос под самовар.;0;нет;1000;
Р;3003856;нет;Россия?;Графин с пробкой хрусталь;0;.;2800;
Г;3003861;нет;Германия;Фигурка. Кавалер с дамой. фарфор;0;.;1600;
Г;3003864;нет;Германия;Шкатулка. бисквит;0;.;800;
Х;3003866;нет;Храпуново Новаго ф-ка;Тарелка с коричневым рисунком. фаянс;0;.;2800;
Х;3003867;нет;Храпунова Новаго ф-ка;Тарелка с коричневым рисунком. фаянс;0;.;2800;
Р;3003868;нет;Россия;Герб Российской Империи на янтаре;0;.;2000;
Е;3003869;нет;Европа;Богиня правосудия. бронза 20 век;0;.;6000;
К;3003870;нет;Касли;Композиция Казаки уходящие от погони. чугун сов. период ;0;нет ружья;4800;
Я;3003871;нет;Япония;Японская подставка длыя свечи. чугун;0;.;6000;
Ф;3003872;нет;Франция;Бинокль, стекла в кожаных футлярах, Франция;0;.;12000;
Л;3003876;нет;ЛФЗ;Фигурка Пушкин с пером фарфор;0;.;2400;
Р;3003877;нет;Россия;Крест малый. Бронза. 19 век.;0;нет;4000;
Г;3003879;нет;Гжель;Фигура.Иван царевич на сером волке.;0;без позолоты;4600;
В;3003880;нет;Вербилки;Фигурка китаянки в танце. Фарфор.;0;нет;4600;
П;3003887;нет;Песочное;Фигурка девочки за вышиванием фарфор;0;. реставрация;8000;
;3003888;нет;;Чашка с блюдцем фарфор, деколь б/м;0;.;2800;
Д;3003889;нет;Дулево;Фигурка девочка с колли фарфор;0;.;4800;
;3003891;нет;;Пузырек стекло, металл.пробка;0;.;2800;
;3003892;нет;;Коробка стекло, металл;0;.;2800;
К;3003893;нет;Конаково;Тарелка фаянс, посв. 40-летию Победы ВОВ;0;.;3600;
Г;3003894;нет;Гарднер;Менажница, белье, фарфор;0;.;18000;
;3003896;нет;;Брошь, кость;0;нет;4800;
Р;3003898;нет;Россия;Пробка для графина;0;нет;460;
М;3003901;нет;Мейсен;Блюдо. Фарфор.;0;нет;8000;
П;3003906;нет;Попов ф-ка;тарелка настенная. фарфор живопись;0;.;30000;
Д;3003907;нет;Дания;Тарелка с чайкой. фарфор;0;.;1600;
С;3003910;нет;США;Чашечки для кофе с подстаканником. Фарфор.Серебро.;0;нет;3000;
С;3003911;нет;США;Чашечка с подстаканником. Фарфор.Серебро.;0;нет;3000;
Е;3003915;нет;Европа;Фигура. Моцарт со скрипкой на подставке. 50см бронза ;0;скрипка немного отломана;66800;
Е;3003917;нет;Европа;Фигурка. Куница. Длина 35 см.Фарфор.;0;нет;6000;
Г;3003919;нет;Гарднер;Сахарница без ручек. Деколь.Фарфор.;0;в отличной сохранности;6000;
Г;3003920;нет;Городница;Фигурка. Девушка с ружьем. фарфор;0;реставрация;10000;
К;3003923;нет;Киев ;Фигурка. Девочка в купальнике. фарфор;0;.;8000;
;3003925;нет;;Натюрморт.Букет цветов в вазе. Акварель в сов. раме 1919г. Н.Х.;0;.;4000;
К;3003929;нет;Конаково;Тарелки настенные парные с букетами.фаянс живопись 36см ;0;.;36000;
;3003931;нет;;Бутылка стекло, без пробки;0;.;1400;
;3003933;нет;;Бутылка стекло;0;.;400;
;3003934;нет;;Флакон стекло т-во А.Ралле;0;.;680;
Г;3003935;нет;Гарднер;Мыльница фаянс;0;неб.деф.;1200;
К;3003938;нет;Корнилов;Блюдце фарфор;0;трещина;500;
К;3003939;нет;Корнилов;Блюдце фарфор;0;трещина;500;
;3003943;нет;;Подсвечник   бронза;0;нет;3600;
Р;3003950;нет;Россия;Крест. Бронза.;0;нет;4800;
Л;3003951;нет;ЛЗФИ;Фигурка  Склочница ;0;.;4800;
С;3003952;нет;СССР;фигурка  Русский  танец Коростень;0;.;3200;
Ч;3003953;нет;Чехословакия;Фигурка  Воин-освободитель. фарфор;0;.;7000;
Р;3003954;нет;Розенталь;Ваза ,фарфор ,живопись;0;.;12000;
А;3003955;нет;Англия;Емкость  для сыпучих продуктов ;0;.;10800;
Р;3003956;нет;Россия;Икона Св.Феодосий.Угл.Ч.Чер.оклад сер. 84;0;оклад дефект;6000;
Р;3003957;нет;Россия;Икона  Всех Скорбящих Радость;0;.;17200;
Р;3003958;нет;Россия;Финифть Сергий Радонежский;0;.;4800;
;3003961;нет;;Флакон для духов стекло латунь;0;.;600;
Р;3003962;нет;Россия;Кувшин фарфор, деколь ;0;.;4800;
Г;3003967;нет;Гжель;Фигурка Олег Попов керамика;0;.;14000;
L;3003968;нет;Larter, США;Комплект для мужского смокинга: золото, платина, бриллианты, агат.;0;Сертификат;46000;
Е;3003969;нет;Европа;Камея на коралле в оправе желтого металла.;0;нет;8000;
А;3003971;нет;Англия;Шкатулка. Черепаха. Слоновая кость. Первая четверть 19 века.;0;нет;15400;
Д;3003979;нет;Дмитровский з-д;Розетки для варенья.фарфор живопись 6шт.;0;.;8000;
Я;3003981;нет;Япония;Окимоно Белая лошадь.гогацу-нингё. бивень мамонта;0;.;16000;
Я;3003983;нет;Япония;Нэцке. Цикада на черепице. слоновая кость.;0;.;24000;
Я;3003984;нет;Япония;Нэцке-маска. Старец Окина. дерево;0;.;6000;
Я;3003985;нет;Япония;Нэцке. Щенок, треплющий сандалию-дзори. слоновая кость;0;.;20000;
Я;3003988;нет;Япония;Нэцке. Нёсан-но Мия-химэ с любимой кошечкой. слоновая кость;0;.;24000;
Я;3003989;нет;Япония;Нэцке-обигурума. Сом-намадзу. бамбук;0;.;16000;
;3003990;нет;;Фигурка. Жеребенок. слоновая кость;0;.;32000;
;3003993;нет;;Графин хрусталь Богемия;0;.;2400;
;3003994;нет;;Графин хрусталь Богемия;0;.;3200;
Д;3003996;нет;Дулево ;Фигурка. Бальный танец. фарфор 1951г.;0;.;60000;
М;3004000;нет;Мейсен;Чайная пара. Фарфор. Кобальт. Позолота.;0;нет;9600;
Л;3004001;нет;ЛФЗ;Полуштоф. Фарфор.;0;нет;4800;
Д;3004003;нет;Дулево;Тарелка глубокая фарфор 1951г.;0;.;1600;
Г;3004004;нет;Германия;Сухарница фарфор;0;.;1600;
Р;3004009;нет;Россия;Подсвечник бронза;0;.;6000;
К;3004010;нет;Конаково;Масленка с грибами на крышке. Фаянс.;0;скольчики;3600;
Л;3004011;нет;ЛФЗ;Фигурка-солонка  Повар;0;.;960;
Д;3004012;нет;Дулево;фигурки  2 плясуньи и гармонист;0;.;2400;
З;3004013;нет;ЗФИ;Фигурка  Иван Царевич с лягушкой;0;.;3600;
Е;3004017;нет;Европа;Кувшинчик стекло металл с пробкой;0;.;3600;
Е;3004018;нет;Европа;Сосуд для уксуса стекло металл ;0;.;3200;
Г;3004020;нет;Германия;Набор для мармелада. Фарфор. Живопись.;0;нет;9600;
Г;3004021;нет;Германия;Фигурка балерины с кружевной юбкой.;0;нет;8000;
М;3004023;нет;Мейсен;Чайник. Фарфор. Германия.;0;нет;9600;
б;3004024;нет;б/марки;Фигурка слона. Фарфор.;0;нет;600;
б;3004025;нет;б/марки;Фигурка слона. Фарфор.;0;нет;6000;
б;3004026;нет;б/марки;Фигурка слона.Фарфор.;0;.;600;
Л;3004028;нет;ЛФЗ;Чашка с блюдцем фарфор сов. период;0;.;1000;
;3004031;нет;;Стакан для подстаканника стекло сов. период;0;.;200;
;3004034;нет;;Вазочка фаянс;0;.;600;
;3004040;нет;;Ковш медный большой;0;.;2200;
;3004041;нет;;Дверца печная чугун;0;.;3000;
;3004043;нет;;Корчага медь;0;нет;4400;
;3004044;нет;;Бадья медь;0;.;4800;
;3004045;нет;;Корчага медь;0;.;3600;
;3004046;нет;;Корчага медь с крышкой;0;.;12000;
;3004047;нет;;Замок;0;.;1400;
М;3004051;нет;Мейсен;Чайная пара с крышкой фарфор живопись кон.18-нач.19в.;0;реставрация;100000;
Е;3004053;нет;Европа;Барометр  и градусник в деревянном корпусе;0;нет;8000;
М;3004055;нет;Мейсен;Предмет для сервировки. Фарфор.;0;нет;8000;
В;3004057;нет;Вербилки;Фигурка обувающегося мальчика.Фарфор.;0;нет;2800;
Е;3004062;нет;Европа;Часы настольные в деревянном корпусе с инкрустацией.;0;нет;62000;
Е;3004065;нет;Европа;Трубка курительная.Янтарь,пенка/минерал/;0;нет;66800;
В;3004066;нет;Вена;Трубка для сигарет в футляре.;0;нет;32000;
Т;3004067;нет;Тула;Самовар в форме шара, латунь;0;.;48000;
Т;3004070;нет;Тула;Самовар в форме яйца, мал.,латунь;0;.;48000;
Т;3004071;нет;Тула;Самовар в форме яйца, больш., латунь;0;.;48000;
В;3004073;нет;Веймар;Фигура дамы в кружевной платье. Белье.;0;нет;20000;
Р;3004075;нет;Россия;Чашка с видом Москвы.;0;трещина;10000;
Е;3004076;нет;Европа;Кружка пивная декоративная. Стекло.;0;нет;800;
А;3004077;нет;Австрия;Вазочка для маленького букетика. фарфор деколь ;0;.;2000;
К;3004078;нет;Кузнецов ф-ка;Стакан. На память св.коронование. фаянс ;0;.;12000;
;3004079;нет;;Таз для варенья. латунь;0;.;1200;
;3004080;нет;;Сахарница. металл стекло;0;.;1600;
П;3004083;нет;Полонь;Фигура философа. Фарфор. 70-е года,;0;,;7600;
З;3004084;нет;З-д Чайка. Краснодар;Фигура мамы с ребенком. Фарфор,;0;нет;16000;
К;3004085;нет;Коростень;Фигуры персонажей из сюиты За двумя зайцами. Фарфор.3 штуки.;0;нет;8000;
К;3004086;нет;Коростень?;Фигура музыканта. Фарфор.;0;производственные трещины;12000;
У;3004088;нет;Украина;Фигура шахтера. Фарфор. 60-70 года.;0;нет;9400;
С;3004090;нет;Сысерть? Свердл.область;Фигура Золушки. Фарфор.;0;реставрация на башмачке;6600;
П;3004091;нет;Полтава;Фигура крысы-кладовщика. Фарфор.;0;нет;7400;
Г;3004096;нет;Германия;Фигурка балерина , фарфор;0;дефекты;1600;
Г;3004097;нет;Германия;Фигурка балерина, фарфор;0;дефекты;1600;
В;3004098;нет;Веймар;Фигурка дама в розовом платье, фарфор;0;цветок приклеен;4800;
В;3004099;нет;Веймар;Фигурка дама с кавалером, играющем на мандолине,фарфор;0;дефекты;8000;
Е;3004100;нет;Европа;Фигурка балерина в розовом платье, фарфор;0;дефект, нет пальца;8000;
В;3004101;нет;Веймар;Фигурки кувыркающиеся дети, фарфор,белье,4шт.;0;нет;9600;
Л;3004102;нет;ЛФЗ;Фигура Савинов в роли Ромео, фарфор;0;нет пальца;40000;
К;3004103;нет;Крамер;Фигура мальчика с виноградом. фарфор;0;нет;36000;
Г;3004104;нет;Германия;Фигура леопарда, фарфор;0;нет;20000;
Е;3004105;нет;Европа;Украшение старинной работы фирмы Miriam Haskell;0;.;8000;
Г;3004106;нет;Германия;Фигурка. Кавалер с дамой. фарфор;0;.;2000;
Е;3004113;нет;Европа;Фигурка. Собака борзая. серебро?;0;.;8800;
;3004115;нет;;Фигурка. Рыбы. керамика;0;реставрация;3600;
;3004116;нет;;Фигурка. Собака боксер лежит. керамика;0;.;4400;
;3004117;нет;;Фигурка. Курица с цыплятами. керамика;0;.;2400;
Л;3004120;нет;ЛФЗ;Фигурка. Девочка сидит с куклой. фарфор;0;реставрация;8600;
Д;3004121;нет;Дулево;Фигурка. Гармонист с плясуньями. фарфор;0;.;3600;
С;3004123;нет;Сысерть;Фигурка. Девчонки на плетне. фарфор;0;.;10800;
К;3004124;нет;Конаково;Фигурка.Скоморох. фаянс;0;реставрация;8600;
Л;3004125;нет;ЛЗФИ;Фигурка. Негр стоящий с барабаном и играющий. фарфор;0;.;8600;
Г;3004127;нет;Городница;Фигурка. Мальчик на санках. фарфор;0;реставрация;3600;
Л;3004128;нет;ЛФЗ;Фигурка. Иван-царевич и Жар-птица из сказки. фарфор;0;реставрация;6600;
Д;3004129;нет;Дулево;Фигурка. Кот в сапогах из сказки. фарфор;0;реставрация;25600;
Л;3004130;нет;ЛФЗ;Фигурка. Девочка моет тарелку.фарфор;0;реставрация;7600;
Л;3004131;нет;ЛФЗ;Фигурка.Мама сидит и держит ребенка на коленях. фарфор;0;.;10400;
Л;3004132;нет;ЛЗФИ;Фигурка. Склочница. фарфор;0;реставрация;3600;
Л;3004133;нет;ЛЗФИ;Фигурка. Индонезийский танец. фарфор;0;реставрация;3600;
Л;3004134;нет;ЛЗФИ;Фигурка.Переезд. фарфор;0;реставрация;10800;
К;3004135;нет;Конаков;Шкатулка в виде ореха, но маленького.фаянс;0;реставрация;880;
К;3004137;нет;Конаково ;Фигурка.Медведь. светильник. фаянс;0;.;25600;
Т;3004138;нет;Ташкент;Чашка для чая. фарфор живопись сов. период;0;.;1200;
Т;3004139;нет;Ташкент;Чашка для чая. фарфор живопись сов. период;0;.;1200;
Д;3004140;нет;Дулево;Фигурка. Мечтатель. фарфор;0;.;25600;
Д;3004141;нет;Дулево;Фигурка. Трио танцующих на фестивале. фарфор;0;реставрация;6400;
Р;3004142;нет;Рига;Фигурка. Девочка с цветочком. фарфор;0;реставрация;1200;
;3004143;нет;;Фигурка. Кошка стекло совр. работа;0;.;3000;
;3004144;нет;;Фигурка. Кошка лежит ф-ма Кристофер;0;.;4000;
Р;3004148;нет;Россия;Рамка 22см*28см дерево гипс;0;.;800;
Р;3004149;нет;Россия;Рамка 24.5*30 см дерево гипс;0;.;1200;
Р;3004150;нет;Россия;Рамка 18см*28см дерево кон.19 века;0;.;1600;
Р;3004151;нет;Россия;Рамка 9см*14см дерево 19 век;0;.;1600;
Р;3004152;нет;Россия;Рамка 17см* 21см дерево 19 век;0;.;1600;
К;3004157;нет;Корниловы братья;Блюдца чайные. Фарфор.4  штуки. по 400 рублей каждое.;0;нет;1600;
Г;3004159;нет;Гарднер;Поднос. Фарфор голубого цвета с цвета. ;0;нет;5600;
Г;3004160;нет;Германия;Графин с 6-ю стопками из красного стекла с гравировкой;0;сколы на 2- предметах;68000;
Г;3004161;нет;Германия;Фигурка. Композиция собаки кавалер и дама. фарфор живопись;0;.;48000;
М;3004162;нет;Москва;Подстаканник с изображением А.Невского металл;0;.;600;
М;3004163;нет;Москва;Подстаканник с изображением А.Невского. металл;0;.;600;
;3004165;нет;;Чашка с блюдцем, фарфорф.деколь б/м;0;.;1400;
;3004166;нет;;Чашка с блюдцем фарфор,деколь, без марки;0;.;1400;
;3004167;нет;;Чашка с блюдцем фарфор, деколь, без марки;0;.;1400;
;3004168;нет;;Чашка с блюдцем фарфор, деколь, без марки;0;скол на блюдце;1000;
К;3004169;нет;Краснов С.А.;Модель парусника. Галеон. Сантисима.;0;нет;120000;
Р;3004170;нет;Россия;Фужер для вина. Стекло,резьба.;0;нет;300;
Е;3004171;нет;Европа;Фужер для вина. Стекло зеленого цвета.;0;нет;300;
;3004172;нет;;Икона Неопалимая Купина 19 в.;0;есть потери по сусал.зол.;32000;
Г;3004173;нет;Германия;Фигурки парные:Сборщики винограда. Фарфор.;0;нет;24000;
Г;3004174;нет;Гарднер;Чайная пара с изобр.листочков.;0;нет;3600;
Е;3004176;нет;Европа;Шкатулка. Стекло.Латунь;0;нет;2400;
Л;3004179;нет;ЛФЗ;Фигурка. Сорока. Фарфор.;0;нет;2400;
;3004180;нет;;Стетоскоп;0;нет;1000;
Г;3004181;нет;Гарднер;Чашка с блюдцем фарфор;0;.;3600;
Г;3004182;нет;Гарднер;Чайная пара. Фарфор.;0;нет;3600;
Г;3004183;нет;Гарднер;Чайная пара. Фарфор.;0;нет;3600;
Г;3004184;нет;Гарднер;Чайная пара.Фарфор.;0;нет;3600;
Д;3004186;нет;Дулево, 1960 год;Чайная пара. Фарфор.;0;нет;1000;
;3004187;нет;;Брошь из слоновой кости;0;нет;18000;
Д;3004188;нет;Дулево;Чашка с блюдцем фарфор;0;нет;1600;
Д;3004189;нет;Дулево;Чашка с блюдцем фарфор;0;нет;1600;
Д;3004190;нет;Дулево;Пепельница с рыбкой, кобальт, позолота;0;нет;4800;
К;3004191;нет;Кузнецов;Чашка кобальт, фарфор;0;нет;1200;
К;3004192;нет;Кузнецов;Чашка кобальт, фарфор;0;нет;1200;
В;3004193;нет;Вербилки;Розетки фарфор, кобальт, 6шт.;0;нет;2400;
Б;3004194;нет;БФЗ;Фигурка плясунья, фарфор;0;нет;1600;
Б;3004195;нет;БФЗ;Фигурка плясунья с платочком, фарфор;0;нет;840;
Т;3004197;нет;Тула;Самовар в форме банки, латунь;0;.;38000;
Т;3004198;нет;Тула;Самовар в форме рюмки, латунь;0;.;38000;
Т;3004199;нет;Тула;Самовар в форме банки, латунь;0;нет;36000;
Д;3004200;нет;Дулево;Чашка с блюдцем, деколь;0;.;3600;
К;3004201;нет;Кузнецов;Чашка с блюдцем, фарфор;0;.;4000;
П;3004202;нет;Первомайская ф-ка;Чашка с блюдцем, фарфор;0;нет;3600;
;3004203;нет;;Чашка с блюдцем. фарфор;0;блюдце подобрано;1400;
Е;3004205;нет;Европа;Меха для разжигания камина;0;нет;16000;
Д;3004207;нет;Дулево;Тарелка с птиками. фарфор Дулево авторская;0;.;6000;
;3004210;нет;;Пепельницы с петухами, парные, бисквит;0;есть сколы;3600;
Р;3004213;нет;Россия;Икона Казанская Божья Матерь. оклад сер.84 в киоте кон.19 нач.20 в;0;.;28000;
;3004214;нет;;Нэцке-щенок, дерево-кизил,кокос,касатка;0;нет;30000;
;3004215;нет;;Нэцке-тигр, красное дерево,рог;0;нет;30000;
К;3004225;нет;Кузнецов;Тарелка с изображением девушки. Деколь.;0;нет;6000;
К;3004226;нет;Кузнецов;Чайная пара с изображением цветов на бардовом фоне.;0;нет;4200;
К;3004228;нет;Кузнецов;Чайная пара розового цвета с золотом.;0;нет;4000;
К;3004229;нет;Кузнецов;Чайная пара розового цвета с золотом.;0;нет;4000;
Е;3004231;нет;Европа;Лампа настольная в стиле модерн.Латунь.;0;нет;13400;
Р;3004234;нет;Россия;Иконка в серебряном окладе 84 пробы с изобр. Николая Чудотворца.;0;нет;3200;
Р;3004235;нет;Россия;Иконка овальная в серебр.окладе 84 пробы с изобр. Вседержителя.;0;нет;4000;
Е;3004236;нет;Европа;Сахарница с изобр.девочки,кормящей лебедя. Стекло розового цвета.;0;нет;6000;
К;3004237;нет;Кузнецов;Тарелка с жанровой сценой. Фарфор.Деколь.;0;нет;8000;
Д;3004246;нет;Дмитровский завод;Чайник маленький заварочный фарфор деколь;0;.;1600;
;3004247;нет;;Фигурка петуха на подставке;0;.;800;
ф;3004248;нет;ф-ка Кузнецов;Бокал с крышкой и блюдцем. Фарфор.;0;нет;20000;
ф;3004249;нет;ф-ка Кузнецов;Чайная пара. Фарфор.;0;нет;4000;
Д;3004250;нет;Дмитровский фарфор.завод;Чайная пара.Фарфор.;0;нет;4000;
;3004251;нет;;Пробка для графина;0;.;1200;
Б;3004253;нет;Богемия;Фигура фарфор девочка с кувшином ;0;нет;12000;
;3004257;нет;;Фигура шахтер, белье;0;нет;7600;
;3004258;нет;;Фигура шахтер, белье;0;нет;7600;
Г;3004259;нет;Городница;Фигурка Дед Мороз со зверями;0;нет;6800;
;3004260;нет;;Ваза опаловое стекло зеленого цвета;0;нет;8000;
;3004261;нет;;Ваза опаловое стекло, розового цвета;0;нет;8000;
;3004262;нет;;Ваза стекло для одного цветка;0;нет;800;
;3004263;нет;;Фигурка девочка-снегурочка;0;нет;1800;
;3004264;нет;;Графин стекло с 4-мя стопками, 2-ух не хватает;0;нет;9600;
;3004265;нет;;Чайница синее стекло;0;нет;800;
;3004266;нет;;Чайница синее стекло;0;нет;1600;
;3004267;нет;;Ваза ВСХВ стекло /сколы/;0;нет;1200;
;3004268;нет;;Графин стекло;0;нет;2600;
;3004270;нет;;Кофемолка , латунь;0;.;2400;
Г;3004271;нет;Германия.;Собака.;0;-;2400;
;3004272;нет;;Пепельница стекло, в металл.оплетке;0;нет;1600;
Б;3004275;нет;Барановка;Сахарница фарфор;0;нет;1200;
Г;3004277;нет;Германия;Пробки фарфор 3 шт. ;0;.;1800;
Г;3004286;нет;Германия;Чайная пара. Фарфор белого цвета с позолотой. ;0;позота стерта;3000;
Г;3004287;нет;Германия;Чайная пара. Фарфор белого цвета.;0;скол на блюдце, позолота стерта;2000;
Р;3004288;нет;Россия;Фужер. Стекло;0;нет;1200;
Е;3004289;нет;Европа;Фужер. Стекло. ;0;скол;600;
;3004293;нет;;Фужер. Стекло Гравировка в виде свадебных колец ;0;нет;800;
;3004294;нет;;Зеркало настольное бронза посеребренние;0;.;20000;
Г;3004295;нет;Германия;Фигурка. Девушка с гусями. фарфор  ;0;.;3600;
;3004296;нет;;Черепаха яшма;0;.;4000;
Л;3004298;нет;ЛФЗ;Фигурка мальчика с мишкой. Фарфор.;0;нет;12000;
Р;3004300;нет;Россия;Банка для кофе. Фаянс, металл.;0;вмятины на крышке;1600;
З;3004302;нет;З-д Сабанина;Молочник. Фарфор. Живопись.;0;нет;5000;
Ф;3004303;нет;Франция;Часы с канделябрами каминные бронза фарфор сер.19 века;0;.;700000;
М;3004304;нет;Москва;Коробочка рекламная  с изображением собаки Лайки.;0;нет;1200;
Е;3004305;нет;Европа;Часы каретные. Металл,посеребр., стилизация под 17 век.Нет ключа. На ходу.;0;нет;16000;
К;3004307;нет;Конаково;Щенок дворняги,фаянс ,Конаково;0;.;3600;
Г;3004312;нет;Германия;Сухарница фарфор деколь;0;.;2400;
Г;3004314;нет;Гарднер ф-ка;Чашка с блюдцем фарфор деколь;0;.;5600;
Г;3004315;нет;Гарднер ф-ка;Чашка с блюдцем фарфор деколь;0;.;5600;
;3004317;нет;;Салатник фарфор деколь без марки;0;.;5600;
Г;3004318;нет;Германия;Розеточка квадратная фарфор деколь;0;.;600;
Е;3004321;нет;Европа;Тарелка с цветочками фарфор живопись;0;.;2400;
Е;3004322;нет;Европа;Тарелка с цветочками фарфор живопись ;0;.;2400;
Е;3004323;нет;Европа;Тарелка с цветочками фарфор живопись;0;.;2400;
Е;3004324;нет;Европа;Тарелка с цветочками фарфор живопись;0;.;2400;
К;3004325;нет;Кузнецов ф-ка;Блюдо фарфор деколь;0;.;3600;
К;3004326;нет;Кузнецов ф-ка;Соусник с крышкой фарфор;0;дефект;800;
Г;3004327;нет;Гжель;Фигурка. Китаянка фарфор;0;.;800;
;3004329;нет;;Фигурка. Грузинка.фарфор;0;.;800;
Л;3004331;нет;ЛФЗ;Фигурка. Девочка с мишкой .фарфор;0;дефект;3600;
Г;3004332;нет;Гарднер ф-ка;Шкатулка с крышкой. фарфор;0;дефект;800;
Г;3004333;нет;Германия;Чашка с блюдцем. фарфор деколь;0;.;1600;
Р;3004334;нет;Россия;Коробочка для мыльного порошка.жесть;0;.;1200;
Л;3004335;нет;Ленинград;Коробка из под папирос. жесть;0;.;1000;
М;3004336;нет;Мейсен;Блюдце от чайной чашки.фарфор живопись;0;дефект;600;
;3004338;нет;;Портрет мальчика в сов. рамке;0;.;2000;
;3004339;нет;;Портрет Багратиона в совр. рамке;0;.;3600;
;3004340;нет;;Портрет вельможи в совр. рамке;0;.;2800;
П;3004341;нет;Польша;Ложка десертная металл;0;.;600;
П;3004342;нет;Польша;Ложка салатная металл;0;.;800;
П;3004343;нет;Польша;Нож для масла металл;0;.;1000;
М;3004345;нет;Москва;Пудреница серебро с фарфоровой вставкой;0;.;1800;
;3004346;нет;;Лампа настольная ,латунь ,стекло;0;.;13400;
Р;3004347;нет;Россия;Бутылка в оплетке;0;.;2000;
Р;3004348;нет;Россия;Икона .Св.м.Акилина , Св.Александр,Св.Анна ,Св.м.Вера;0;дефекты;12000;
Л;3004351;нет;ЛФЗ;Фигурка.Чукча с рыбой.фарфор;0;.;6000;
Д;3004353;нет;Дулево;Фигурка.Грузинка в танце.бисквит раскрашенный;0;.;3600;
Д;3004354;нет;Дулево;Фигурка.Узбечка с чайником.фарфор 1958г.;0;носик у чайника отбит;1800;
У;3004355;нет;Украина;Фигурка. Девушка на лугу вышивает. фарфор;0;.;2000;
У;3004356;нет;Украина;Фигурка. Мальчик на лыжах с елочкой. фарфор;0;.;1600;
Г;3004357;нет;Гжель;Фигурка. Купальщица .Фарфор;0;.;600;
В;3004358;нет;Вербилки;Фигурка. Динамовец. фарфор;0;.;600;
У;3004360;нет;Украина;Фигурка. Космонавт на луне. Фарфор;0;.;1200;
;3004361;нет;;Фигурка. Спутник СССР. фарфор;0;.;1200;
;3004362;нет;;Фигурка. Машина дама. фарфор миниатюрка;0;.;4000;
;3004365;нет;;Стаканчик стекло Европа нач 20 века;0;.;2000;
К;3004366;нет;Китай;Шкатулка дерево из Харбина;0;без ключа;1800;
;3004367;нет;;Набор для специй ,фарфор  б/м;0;.;3600;
Л;3004368;нет;ЛФЗ;Фигурка.Ноздрев из серии гоголевские типы. бисквит;0;.;12000;
Л;3004369;нет;ЛФЗ;Фигурка. Хлестаков из серии гоголевских типов. бисквит;0;.;12000;
Л;3004370;нет;ЛФЗ;Фигурка. Коробочка из серии гоголевских типов. бисвит;0;.;12000;
Л;3004371;нет;ЛФЗ;Фигурка. Плюшкин из серии гоголевских типов. бисквит;0;.;12000;
Л;3004372;нет;ЛФЗ;Фигурка. Дог мраморный. фарфор;0;.;2400;
;3004373;нет;;Фигурка. Гимнастка. фарфор;0;.;800;
Р;3004374;нет;Россия;Крест бронза с эмалью;0;.;1600;
;3004376;нет;;Игрушка. Птичка в клетке. латунь;0;.;800;
М;3004377;нет;Москва;Солонка хрусталь серебро 875 ;0;.;800;
Л;3004378;нет;ЛФЗ;Фигурка. Коробочка из серии гоголевских типов. фарфор;0;реставрация;14000;
Д;3004379;нет;Дулево ;Фигурка. Крестьянка с овощами. фарфор 30-ые годы;0;.;36000;
Г;3004382;нет;Германия;Рюмки на ножке хрусталь серебро 800 6шт.;0;.;18800;
В;3004383;нет;Веймар ГДР;Сервиз чайно-столовый.83 предмета.Фарфор.Позолота.;0;на блюдце-трещинка, на некоторых предметах-позолота стерта.;260000;
М;3004384;нет;Москва;Картина. Пейзаж. Сосновый бор. холст масло авт.Хабиров-старший;0;.;48000;
А;3004385;нет;Англия;Тарелка фарфор, с охотничьим сюжетом;0;.;1600;
;3004386;нет;;Картина в раме, казаки на охоте, холст, масло ;0;нет;16000;
Р;3004388;нет;Россия;Часы карманные Мозер металл;0;.;1600;
;3004389;нет;;Микроскоп старый русский в футляре;0;.;2800;
С;3004390;нет;Суздальцев М.А.;Пейзаж.авт. М.А.Суздальцев.1917-1998гг. работа 1973г. холст масло;0;.;36000;
К;3004393;нет;Кузнецов ф-ка;Чашка фарфор позолота ;0;.;1200;
К;3004394;нет;Кузнецов ф-ка;Чашка с блюдцем фарфор деколь;0;отсутствует большой фрагмент;600;
Д;3004397;нет;Дмитровский з-д;Чайная пара.Фарфор. деколь.;0;нет;4000;
П;3004399;нет;Попов;Тарелка.Фарфор. Живопись.Диаметр 25 см.;0;сколы;16000;
К;3004400;нет;Китай;Блюдо. Фарфор. Живопись.Д.-29;0;трещина;6000;
Л;3004401;нет;ЛФЗ;Фигурка. Кот и повар. Фарфор.;0;нет;2800;
Л;3004402;нет;ЛФЗ;Фигурка. Девочка с платочком. фарфор;0;реставрация;2400;
;3004403;нет;;Пробка для графина стекло;0;скол;600;
;3004404;нет;;Пробка для графина стекло;0;.;600;
;3004405;нет;;Пробка для графина стекло;0;.;600;
;3004406;нет;;Пробка для графина стекло;0;.;600;
К;3004407;нет;Кузнецов ф-ка;Тарелка настенная круглая орнамент фаянс кон.19-нач.20 века;0;.;84000;
;3004408;нет;;Фигурка.Белый медведь. бисквит раскрашенный;0;.;14400;
К;3004409;нет;Корниловы бр.;Тарелка с дамочками и ангелочками.  24см фарфор деколь;0;.;12400;
К;3004410;нет;Корниловы бр.;Тарелка с дамочками и ангелочками. 24см фарфро деколь;0;.;12400;
К;3004411;нет;Корниловы бр.;Тарелка с дамой и бабочками. 24см фарфор деколь;0;.;12400;
К;3004413;нет;Кузнецов ф-ка;Тарелка с сюжетами масленицы. 18см фарфор живопись;0;.;10400;
К;3004414;нет;Кузнецов ф-ка;Тарелка с сюжетами масленицы. 18 см фарфор живопись;0;.;10400;
К;3004415;нет;Кузнецов ф-ка;Сухарница с плетеными ручками. фаянс;0;.;10400;
К;3004416;нет;Кузнецов ф-ка;Кашпо прямоугольное с улиткой и веткой сакуры. фаянс;0;.;24800;
К;3004417;нет;Кузнецов ф-ка;Вазочка ввиде тритона. фаянс;0;.;20800;
;3004418;нет;;Фигурка.Лошадь с собакой. кость;0;.;24800;
К;3004419;нет;Кузнецов ф-ка;Фигурка. Сова-солонка. фарфор живопись;0;.;8400;
К;3004420;нет;Кузнецов ф-ка;Банки под чай. 2шт. фаянс с метал.крышками;0;.;33200;
Е;3004421;нет;Европа;Сухарница. Фраже.;0;нет;5400;
Б;3004422;нет;Богемия;Вазы парные с ирисами, Мозер и сыновья, нач.20 века;0;экспертиза;190000;
В;3004424;нет;Воронцов;Самовар латунь;0;нет;48000;
В;3004425;нет;Воронцов;Самовар мал., латунь;0;нет;48000;
Ш;3004426;нет;Шемарины;Самовар большой, в форме шара, латунь;0;нет;76000;
Д;3004427;нет;Дулево;Чайная пара.Дулево,1961.;0;нет;1000;
Д;3004428;нет;Дулево,1951;Чайная пара в бежевых тонах.;0;нет;2000;
К;3004429;нет;Кузнецов;Тарелка с изобр.жанровой сцены. Деколь. Фаянс.;0;нет;6000;
Б;3004430;нет;Братья Корниловы;Кувшин с изобр. хризантем. Фарфор.;0;нет;50000;
П;3004432;нет;Первомайский з-д;Чашки с блюдцами 6шт. фарфор живопись;0;.;15600;
Г;3004433;нет;Гарднер ф-ка;Чашка с блюдцем фарфор живопись сер.19 века;0;дефект скол;36000;
;3004434;нет;;Письменный прибор из 5-ти предметов камень,бронза;0;нет;6000;
;3004435;нет;;Рамка с фотографией;0;нет;1600;
;3004436;нет;;Брошь-камея, кость;0;нет;26000;
Ф;3004437;нет;Федоскино;Шкатулка лаковая миниатюра;0;нет;10000;
Л;3004439;нет;ЛФЗ;Фигурка белки. Фарфор.;0;нет;600;
Е;3004440;нет;Европа;Фигурка. Яйцо на подставке.Фарфор.;0;нет;13600;
Е;3004441;нет;Европа;Фигурка. Яйцо на подставке.;0;нет;10000;
Р;3004444;нет;Россия;Икона. Вседержитель. Оклад серебр.,84,1865 год;0;нет;260000;
С;3004445;нет;СССР;Лампа настольная,камень  , абажур стекло.;0;скол;8400;
К;3004446;нет;Кузнецов;Тарелка деколь;0;нет;1400;
К;3004447;нет;Кузнецов;Тарелка деколь;0;неб.трещина;1200;
А;3004449;нет;Англия;Тарелка с жанровой сценой;0;нет;1600;
В;3004450;нет;Вербилки;Чайные пары, фарфор комп. 6шт.и 6 пирож.тарелок;0;нет;19200;
В;3004451;нет;Вербилки;Чашка с блюдцем и пирож.тарелкой;0;нет;3200;
В;3004452;нет;Вербилки;Чашка с блюдцем и пирож.тарелкой;0;нет;3200;
В;3004453;нет;Вербилки;Чашка с блюдцем и пирож.тарелкой;0;нет;3200;
В;3004454;нет;Вербилки;Чашка с блюдцем и пирож.тарелкой/на блюдце трещ./;0;нет;2400;
Д;3004458;нет;Дулево;Сервиз столовый фарфор, 1958г.. 36предм.;0;неб.сколы;36000;
;3004459;нет;;Картина в раме, пейзаж;0;нет;28000;
Г;3004460;нет;Германия;Композиция Пляшущие девочки, фарфор;0;нет;12000;
К;3004461;нет;Кузнецов;Чашка с блюдцем, фарфор;0;нет;4000;
К;3004462;нет;Кузнецов;Чашка фарфор, без блюдца;0;нет;1600;
К;3004463;нет;Кузнецов ф-ка;Молочник с голубой полоской фарфор;0;.;1200;
К;3004464;нет;Кузнецов ф-ка Моск. губернии;Молочник фарфор;0;.;1200;
К;3004465;нет;Кузнецов т-во;Молочник белый фарфор;0;.;1200;
К;3004466;нет;Кузнецов т-во;Молочник фарфор живопись;0;.;1600;
;3004467;нет;;Молочник розовый фарфор без марки;0;.;800;
Я;3004468;нет;Япония;Нэцке. Белый лебедь.кость 20 век;0;.;24000;
Я;3004469;нет;Япония;Нэцке. Обезьянка с лупой. кость. 19 век;0;.;32000;
Я;3004470;нет;Япония;Нэцке-кагамибута. Атакующий самурай.;0;.;20000;
Я;3004471;нет;Япония;Окимоно. Токива Гозэн, бегающая с детьми от преследователей. 19век;0;.;40000;
Я;3004472;нет;Япония;Нэцке. Орел на сосне, воробей и бамбук.кость 19век;0;.;24000;
Я;3004473;нет;Япония;Нэцке. Карп в бурных потоках воды.дерево 19век;0;.;20000;
Я;3004474;нет;Япония;Нэцке. Две черепашки. дерево 19век;0;.;20000;
Г;3004475;нет;Гарднер ф-ка;Кувшин с крышкой фарфор деколь;0;.;3600;
Г;3004477;нет;Германия;Фигурка.Мальчик с девушкой. фарфор;0;скол;2800;
Г;3004478;нет;Германия;Фигурка. Дама с кавалером. фарфор;0;.;1600;
Е;3004479;нет;Европа;Фигурка. Фазан. бронза посеребрение;0;.;22000;
;3004480;нет;;Часы карманные Лонджин серебро и чернь;0;на ходу;10000;
К;3004481;нет;Кузнецов ф-ка;Чашка с блюдцем фарфор живопись;0;.;7000;
К;3004482;нет;Кузнецов ф-ка;Блюдце фарфор живопись;0;.;1000;
Е;3004483;нет;Европа;Тарелки декоративные с видами руин. фарфор живопись авторские;0;.;18000;
Р;3004484;нет;Россия;Коробка стекло, металл, т-во Василий Перлов;0;нет;6000;
Г;3004487;нет;Германия;Фигура юноши с собакой.Фарфор.;0;нет;24000;
Г;3004488;нет;Германия;Фигура парочки на скамье. Фарфор.;0;нет;20000;
б;3004489;нет;б/м;Фигура обнаженной женщины с ангелами. белье.Скол на пальцах.;0;нет;3000;
Г;3004490;нет;Германия.;Фигура п/обнаженной  дамы с ангелом. белье. Нет лука.;0;нет;4000;
Г;3004491;нет;Германия;Композиция: Дама за роялем,двое поют. Скол на юбке.;0;нет;46000;
Г;3004492;нет;Германия;Композиция: Игра в бильярд.белье. Нет руки.;0;нет;12000;
Г;3004493;нет;Германия;Композиция:Трио музыкантов.;0;нет;8000;
Е;3004496;нет;Европа;Фигурка всадника на лошади.Фарфор.;0;нет;2000;
Д;3004497;нет;Дулево.;Фигура. Иван-царевич с Царевной-лягушкой.Фарфор.;0;нет;8000;
Е;3004498;нет;Европа.;Балерина. Фарфор. Скол на юбке.;0;нет;4000;
Е;3004499;нет;Европа.;Танцовщица. Фарфор.;0;нет;16000;
Е;3004500;нет;Европа;Корзина с цветами.;0;нет;400;
Г;3004501;нет;Германия.;Читающая пара. Фарфор.;0;нет;18000;
Е;3004502;нет;Европа;Фигура Наполеона.Фарфор. Совр.работа.;0;нет;6000;
Е;3004503;нет;Европа;Канделябр. Фарфор.;0;нет;3000;
Е;3004504;нет;Европа;Амур и Психея. Бисквит.Крыло приклеено.;0;нет;4000;
Е;3004505;нет;Европа;Бюст девушки с венком.Мрамор.;0;нет;16000;
Р;3004506;нет;Россия;Икона Божьей Матери. Оклад латунный с накладками.20 век.;0;нет;12000;
Р;3004507;нет;Россия;Плашка. Бронза.;0;нет;4000;
Л;3004508;нет;ЛФЗ;Чернильница Ленинград, фарфор;0;нет;1400;
;3004509;нет;;Ел.игрушки флажки бумажные 200;0;.;200;
Е;3004510;нет;Европа;Графин и две рюмки стекло позолота Европа;0;скол и 3шт. дефекты;12000;
Д;3004511;нет;Дания;Фигурка. Кошка сидящая. фарфор;0;.;16000;
Р;3004512;нет;Россия;Лампа настольная с зеленым абажуром.;0;нет;16000;
В;3004513;нет;Варшава;Молочник. Фраже;0;нет;600;
Е;3004514;нет;Европа;Ведро для льда.Металл.;0;нет;3000;
Е;3004515;нет;Европа;Прибор для специй.2 штуки. Металл.;0;нет;400;
Е;3004516;нет;Европа;Щипцы для торта. Металл.;0;нет;800;
Р;3004517;нет;Россия;Конница. Чугун. 1977;0;нет;2600;
Р;3004518;нет;Россия;Бюст К.Маркса на подставке. Фарфор.;0;нет;1800;
Е;3004519;нет;Европа;Ваза в стиле модерн. Стекло,металл.;0;нет;36000;
Р;3004520;нет;Россия;Фигура Ленина с Дзержинским.Бисквит.;0;нет;10000;
Е;3004521;нет;Европа;Бюст поэта в камне.;0;нет;4000;
Р;3004522;нет;Россия;Крест. Бронза.19 век;0;нет;1600;
Е;3004523;нет;Европа,подпись;Фигура атлета в бронзе;0;нет;4800;
Е;3004524;нет;Европа;Пепельница походная.Латунь.;0;нет;600;
Р;3004525;нет;Россия;Икона. Всех скорбящих радостей. в окладе металл и киоте;0;.;12000;
Р;3004526;нет;Россия;Икона. Тихон. в киоте;0;.;12000;
Р;3004527;нет;Россия;Икона. Варлаам.;0;.;2000;
;3004528;нет;;Щипцы для льда. металл;0;.;1400;
М;3004529;нет;Москва;Елочн.игрушки винтик 120;0;.;120;
М;3004530;нет;Москва;Елочн.игрушки медведь с гармошкой 280;0;.;280;
;3004531;нет;;Фигурка.Собака лежащая. бронза;0;.;3600;
И;3004532;нет;Индия;Столик декоративный.Дерево.;0;нет;12000;
Е;3004533;нет;Европа;Зеркало в оправе.;0;нет;12000;
Г;3004534;нет;Голландия;Фрегат.;0;нет;48000;
1;3004535;нет;1937.Касли;Бюст Сталина. Каслинское литье.;0;нет;4000;
Р;3004536;нет;Россия;Письменный прибор.;0;нет чернильниц;6000;
б;3004537;нет;бр.Корниловы;Блюдо. Фарфор. деколь.;0;нет;3000;
б;3004538;нет;бр.Корниловы;Блюдо. Фарфор. Деколь.;0;нет;3000;
б;3004539;нет;бр.Корниловы;Блюдо для рыбы. Фарфор.Деколь.;0;скол;2400;
Х;3004540;нет;Херенд;Менажница. Фарфор. ;0;нет;26000;
б;3004541;нет;б/м;Тарелка настенная с изобр. девушки с венком на голове.;0;нет;8000;
Л;3004542;нет;ЛФЗ;Фигурка мальчика с виноградом. Фарфор.;0;нет;1600;
К;3004543;нет;Конаково;Фигурка узбечки вышивающей. Фаянс.1957;0;нет;8000;
Д;3004544;нет;Дулево;Масленка ВСХВ, фарфор;0;нет;2800;
Д;3004545;нет;Дулево;Фигурка Карандаш с собакой Клякса;0;нет;1600;
С;3004546;нет;Сысерть;Фигурка Огневушка-поскакушка, фарфор;0;туфелька скол;1600;
Е;3004547;нет;Европа;Пепельница напольная, бронза, высота 62см.;0;.;15000;
М;3004548;нет;Москва;Елочная игрушка картонка собака 80;0;.;80;
М;3004549;нет;Москва;елочная игрушка заяц с барабаном 200;0;.;200;
М;3004550;нет;Москва;Елочная игрушка якутка 280;0;.;280;
Л;3004551;нет;ЛФЗ;Фигурка Чета Маниловых фарфор;0;нет;12000;
